情報,じょうほう,いち早い情報,いち早く情報,お便り情報,お出かけ情報,お宝情報
表示,ひょうじ,アイコン表示,アダルト表示,アドレス表示,アナログ表示,アニメーション表示
可能,かのう,アクセス可能,アップ可能,アプローチ可能,アレンジ可能,インストール可能
内容,ないよう,お知らせ内容,その他内容,ほど遠い内容,アップデート内容,アンケート内容
現在,げんざい,その他現在,その後現在,ブログ現在,ー現在,今日現在
個人,こじん,お前個人,お客様個人,その他個人,オレ個人,ガイダンス個人
質問,しつもん,お気に入り質問,その他質問,エンジニア質問,キツイ質問,ゲーム質問
対応,たいおう,いち早く対応,お客様対応,きめ細かい対応,きめ細かく対応,その他対応
画像,がぞう,お宝画像,お気に入り画像,その他画像,アイコン画像,アイテム画像
物件,ぶっけん,お気に入り物件,お買い得物件,その他物件,アパート物件,ウィークリー物件
状態,じょうたい,お手上げ状態,お預け状態,こう着状態,その他状態,てんこ盛り状態
技術,ぎじゅつ,その他技術,アクセス技術,アップ技術,アナウンス技術,アナログ技術
機能,きのう,お気に入り機能,お知らせ機能,かん養機能,じん臓機能,その他機能
評価,ひょうか,お客様評価,その他評価,アンケート評価,カム評価,ガバナンス評価
基本,きほん,その他基本,エネルギー基本,サービス基本,スポ基本,スポーツ基本
調査,ちょうさ,その他調査,アスベスト調査,アセスメント調査,アンケート調査,イベント調査
価格,かかく,お買い得価格,その他価格,やり方価格,アウトレット価格,イベント価格
条件,じょうけん,その他条件,エリア条件,オペラント条件,クリア条件,サーチ条件
設定,せってい,その他設定,アカウント設定,アドレス設定,アニメ設定,アラートメール設定
実際,じっさい,実際ある,実際いる,実際いう,実際する,実際すごい
効果,こうか,アイテム効果,アップ効果,アナウンス効果,アナウンスメント効果,アニメ効果
報告,ほうこく,その他報告,アップ報告,アンケート報告,イベント報告,インターンシップ報告
歴史,れきし,その他歴史,アジア歴史,アメリカ歴史,ショッピング歴史,シリーズ歴史
保険,ほけん,その他保険,アメリカンファミリー生命保険,エース保険,ガン保険,グループ保険
経験,けいけん,アシスタント経験,アパレル経験,アルバイト経験,イイ経験,イギリス経験
理解,りかい,イマイチ理解,サッパリ理解,システム理解,一つ理解,一体理解
対象,たいしょう,お子様対象,お客様対象,アップ対象,アンケート対象,イベント対象
確か,たしか,フルーツポンチ確か,ー確か,一つ確か,一番確か,品質確か
営業,えいぎょう,その他営業,その後営業,エリア営業,オールナイト営業,カフェ営業
結構,けっこう,結構あがる,結構あたる,結構ある,結構ありがたい,結構いる
過去,かこ,その他過去,コメント過去,サイト過去,シート過去,スレ過去
広告,こうこく,その他広告,アダルト広告,アドワーズ広告,アフィリエイト広告,イメージ広告
事件,じけん,えん罪事件,その他事件,でっち上げ事件,ねつ造事件,ぶどう酒事件
程度,ていど,お前程度,か月程度,アップ程度,インチ程度,ウォン程度
保護,ほご,その他保護,ウミガメ保護,エンジン保護,クジラ保護,ケーブル保護
経営,けいえい,その他経営,アジア経営,アパート経営,アメーバ経営,エステ経営
資料,しりょう,お気に入り資料,その他資料,アイヌ資料,イベント資料,オリジナル資料
規定,きてい,キャンセル規定,プログラム規定,プロパティ規定,メンバー規定,メーカー規定
責任,せきにん,システム責任,セキュリティ責任,チーム責任,ツアー責任,プログラム責任
国際,こくさい,その他国際,アジア国際,アヌシー国際,アメリカ国際,イラク国際
移動,いどう,その後移動,アイテム移動,エネルギー移動,エリア移動,カメラ移動
製品,せいひん,い草製品,お気に入り製品,その他製品,アイアン製品,アウトレット製品
制度,せいど,アセスメント制度,アップ制度,アドバイザー制度,インセンティブ制度,インターン制度
指導,しどう,きめ細かい指導,きめ細かく指導,イスラム指導,カリスマ指導,クラス指導
運営,うんえい,その他運営,アーカイブ運営,イベント運営,ウェブサイト運営,クラス運営
編集,へんしゅう,アットエス編集,イシス編集,ウララ編集,オリジナル編集,オンライン編集
政治,せいじ,その他政治,アメリカ政治,イギリス政治,サイエンス政治,サイト政治
非常,ひじょう,その他非常,上非常,今回非常,今後非常,国家非常
総合,そうごう,お客様総合,その他総合,みつわ台総合,アジア総合,アニキャラ総合
業務,ぎょうむ,その他業務,アウトソーシング業務,アシスタント業務,アドバイザリー業務,アドバイザー業務
絶対,ぜったい,お前絶対,カット絶対,コレ絶対,ザブングル絶対,ダメ絶対
限り,かぎり,ウレシイ限り,シーズン限り,セット限り,一夜限り,世々限り
判断,はんだん,テクニカル判断,ナイス判断,上記判断,事実判断,仲裁判断
団体,だんたい,その他団体,インディー団体,カルト団体,サポート団体,サークル団体
政府,せいふ,その他政府,わが国政府,アイスランド政府,アイルランド政府,アフガニスタン政府
原因,げんいん,アレルギー原因,ストレス原因,トラブル原因,一原因,下げる原因
表現,ひょうげん,アダルト表現,アート表現,イメージ表現,エロ表現,グラフィック表現
建築,けんちく,その他建築,アパート建築,アメリカ建築,イスラム建築,イスラーム建築
男性,だんせい,その他男性,アルバイト男性,イケメン男性,ゲイ男性,プレイヤー男性
投資,とうし,その他投資,アジア投資,アパート投資,アブダビ投資,イベント投資
意識,いしき,お上意識,エコ意識,エリート意識,キャリア意識,キリスト意識
知識,ちしき,キソ知識,サッカー知識,パソコン知識,ビジネス知識,プチ知識
設置,せっち,アンテナ設置,エアコン設置,エスカレーター設置,エレベータ設置,エレベーター設置
能力,のうりょく,ろ過能力,アルター能力,キック能力,ギアス能力,コピー能力
準備,じゅんび,お出かけ準備,お正月準備,イベント準備,オーストラリア準備,オープン準備
組織,そしき,その他組織,アルカイダ組織,イスラム組織,オリンピック組織,カルト組織
限定,げんてい,お子様限定,お客様限定,お昼限定,お正月限定,お買い得限定
消費,しょうひ,その他消費,アルコール消費,エコ消費,エネルギー消費,オイル消費
精神,せいしん,その他精神,アメリカ精神,オリンピック精神,カトリック精神,サイト精神
直接,ちょくせつ,メーカー直接,上直接,入力直接,商品直接,外国直接
実現,じつげん,コラボ実現,サービス実現,システム実現,ビジョン実現,プラン実現
興味,きょうみ,サッカー興味,マーク興味,ー興味,一切興味,一番興味
事務,じむ,その他事務,アナン事務,エルバラダイ事務,オフィス事務,カメラ事務
構造,こうぞう,アーチ構造,エネルギー構造,クロマチン構造,グラフ構造,ゲノム構造
主義,しゅぎ,お客様主義,アジア主義,イスラム主義,イスラーム主義,エリート主義
規約,きやく,コーディング規約,サイト規約,サービス規約,スレ規約,ナビ規約
通常,つうじょう,その他通常,その後通常,上通常,会通常,保存通常
解決,かいけつ,スピード解決,トラブル解決,ニーズ解決,一つ解決,一挙解決
増え,ふえ,今後増え,以上増え,増えがち,増えはじめ,多く増え
事故,じこ,その他事故,エスカレーター事故,エレベーター事故,オートバイ事故,ガス事故
基準,きじゅん,ガス基準,サービス基準,セキュリティ基準,ドル基準,ファイル基準
検査,けんさ,その他検査,アルコール検査,アレルギー検査,インフルエンザ検査,ウィルス検査
転職,てんしょく,アップ転職,アパレル転職,エイト転職,エグゼクティブ転職,エンジニア転職
整備,せいび,その他整備,ため池整備,ほ場整備,アクセス整備,インフラ整備
製造,せいぞう,その他製造,めん類製造,アイスクリーム製造,アルコール製造,ウンコ製造
採用,さいよう,アクセス採用,アルバイト採用,エンジニア採用,ガラス採用,キャリア採用
建設,けんせつ,その他建設,アイ建設,アパート建設,インフラ建設,カヤノキ建設
美容,びよう,その他美容,まつ毛美容,アクセサリー美容,アパレル美容,アンチエイジング美容
解説,かいせつ,わかり易く解説,イラスト解説,キャラ解説,キーワード解説,ゲスト解説
取得,しゅとく,アイテム取得,アカウント取得,アドレス取得,カード取得,グリーンカード取得
感謝,かんしゃ,お客様感謝,アクセス感謝,アドバイス感謝,オールスター感謝,カード感謝
職員,しょくいん,その他職員,アルバイト職員,センター職員,ハロワ職員,ハローワーク職員
授業,じゅぎょう,インターネット授業,オンデマンド授業,クラス授業,スキー授業,ネット授業
設計,せっけい,その他設計,アイダ設計,アトラス設計,アナログ設計,アプリケーション設計
素材,そざい,その他素材,アイコン素材,アクリル素材,アッパー素材,アルミ素材
印象,いんしょう,マイナス印象,ー印象,一印象,一つ印象,一番印象
久しぶり,ひさしぶり,この間久しぶり,ホント久しぶり,ー久しぶり,久しぶりぃ,久しぶりすぎ
出演,しゅつえん,その他出演,アニメ出演,イベント出演,インタビュー出演,エキストラ出演
行政,ぎょうせい,その他行政,スポーツ行政,タテ割り行政,トップページ行政,モノ行政
現実,げんじつ,ー現実,一番現実,人工現実,仮想現実,全て現実
新規,しんき,その後新規,インプラントネット新規,カテゴリ新規,カード新規,サイト新規
構成,こうせい,カリキュラム構成,クラス構成,クラスタ構成,グループ構成,サイト構成
現代,げんだい,アメリカ現代,イタリア現代,カルティエ現代,クローズアップ現代,シリーズ現代
資格,しかく,その他資格,アドバイザー資格,インストラクター資格,エリート資格,カウンセラー資格
在庫,ざいこ,ガソリン在庫,サイズ在庫,ショッピング在庫,タウン在庫,テスター在庫
禁止,きんし,はみ出し禁止,アクセス禁止,アルコール禁止,アルバイト禁止,オナニー禁止
出版,しゅっぱん,その他出版,アスキー出版,アート出版,インパクト出版,インフォトップ出版
有効,ゆうこう,エネルギー有効,カード有効,クリック有効,ブロック有効,ヘッジ有効
導入,どうにゅう,いち早く導入,お客様導入,イオン導入,インスリン導入,インターネット導入
提案,ていあん,アイデア提案,コーディネート提案,サービス提案,システム提案,スタイル提案
反応,はんのう,いち早く反応,アナフィラキシー反応,アレルギー反応,イオン反応,エネルギー反応
金額,きんがく,チャージ金額,トータル金額,バック金額,リフォーム金額,ローン金額
保証,ほしょう,アフターサービス保証,クリック保証,サム保証,ネット保証,ハマる保証
設備,せつび,その他設備,ろ過設備,アンテナ設備,イベント設備,インターネット設備
修正,しゅうせい,エラー修正,システム修正,セキュリティ修正,ダメージ修正,データ修正
研修,けんしゅう,その他研修,アップ研修,アメリカ研修,インターンシップ研修,オペラ研修
比べ,くらべ,打ち比べ,ノートの比べ,比べをする
制作,せいさく,その他制作,アクセサリー制作,アニメ制作,アニメーション制作,アルバム制作
世紀,せいき,一世紀,七世紀,三世紀,世紀あたり,世紀あまり
基づく,もとづく,基づきあなた,基づきお客様,基づきメール,基づき下記,基づき事務
回復,かいふく,うつ病回復,その後回復,イメージ回復,ゲージ回復,スタミナ回復
日常,にちじょう,その他日常,会話日常,何気ない日常,使える日常,単なる日常
想像,そうぞう,十分想像,単なる想像,大体想像,姿想像,悪い想像
費用,ひよう,その他費用,オプション費用,キャンセル費用,クリーニング費用,サポート費用
複数,ふくすう,その他複数,アイドル複数,上記複数,前記複数,対複数
講演,こうえん,カスタマーサービス講演,ゲスト講演,サミット講演,シンポジウム講演,セミナー講演
新築,しんちく,エリア新築,オススメ新築,センター新築,ビル新築,ホームズ新築
再生,さいせい,オーディオ再生,コミュニティ再生,コンテンツ再生,サウンド再生,サラウンド再生
平均,へいきん,か月平均,カスタマー平均,カ月平均,クラス平均,クリック平均
適用,てきよう,キャンペーン適用,サービス適用,パッチ適用,プラン適用,マイル適用
提出,ていしゅつ,カード提出,コメント提出,コンペ提出,シート提出,データ提出
伝統,でんとう,イタリア伝統,インド伝統,シリーズ伝統,タイ伝統,ドイツ伝統
確保,かくほ,エネルギー確保,グランド確保,スペース確保,セキュリティ確保,チケ確保
豊か,ゆたか,イマジネーション豊か,イメージ豊か,オリジナリティ豊か,スピード豊か,バラエティ豊か
防止,ぼうし,ひび割れ防止,まん延防止,アクセス防止,イタズラ防止,エラー防止
現状,げんじょう,厳しい現状,取り巻く現状,多い現状,少ない現状,年間現状
素晴らしい,すばらしい,何とも素晴らしい,何より素晴らしい,全く素晴らしい,実に素晴らしい,最も素晴らしい
豊富,ほうふ,アイデア豊富,カラー豊富,カルシウム豊富,キャリア豊富,コラーゲン豊富
再び,ふたたび,再びする,再びめぐる,再びやる,再びやってくる,再びやって来る
主張,しゅちょう,上記主張,主張そのもの,主張どおり,主張ひとり,主張事実
事情,じじょう,お家事情,その他事情,やむを得ない事情,アキバグルメ事情,アニメ事情
教授,きょうじゅ,お茶の水女子大学教授,クルーグマン教授,コロンビア大学教授,サンデル教授,スクール教授
報道,ほうどう,いち早く報道,ゴミ報道,スキャンダル報道,スクープ報道,スポーツ報道
資金,しきん,テロ資金,ドル資金,ファンド資金,マイホーム資金,リフォーム資金
手術,しゅじゅつ,カテーテル手術,ガン手術,シャント手術,ストリッピング手術,バイパス手術
許可,きょか,アクセス許可,ライセンスパックアップ許可,リンク許可,上演許可,上陸許可
本格,ほんかく,その後本格,ターン本格,レンタカー本格,事業本格,今後本格
正確,せいかく,一番正確,早く正確,正確さ,正確度,正確性
現地,げんち,その他現地,その後現地,アメリカ現地,イラク現地,エリア現地
無断,むだん,上無断,全て無断,写真無断,無く無断,無断キャンセル
一応,いちおう,一応あげる,一応ある,一応いる,一応いう,一応する
証明,しょうめい,り災証明,クライアント証明,ケータイ証明,サーバ証明,サーバー証明
示し,しめし,反応示し,興味示し,示しをいただく,示しをする
体制,たいせい,アフターサービス体制,ウィーン体制,オンコール体制,ガバナンス体制,グループ体制
戦略,せんりゃく,アジア戦略,アップ戦略,アフガン戦略,イノベーション戦略,イメージ戦略
犯罪,はんざい,インターネット犯罪,オウム真理教犯罪,カード犯罪,コンピュータ犯罪,サイバー犯罪
表情,ひょうじょう,イイ表情,優しい表情,冷たい表情,切ない表情,厳しい表情
制限,せいげん,その他制限,アクセス制限,カリウム制限,カロリー制限,キロ制限
最適,さいてき,エンジン最適,コスト最適,システム最適,ランディングページ最適,レート最適
確実,かくじつ,ヒット確実,ブリアン確実,ヘビロテ確実,一つ確実,一番確実
増加,ぞうか,アクセス増加,キロ増加,コスト増加,ダメージ増加,トラブル増加
合格,ごうかく,オーディション合格,ギリギリ合格,シスアド合格,ストレート合格,スピード合格
性格,せいかく,イイ性格,キツイ性格,キャラ性格,ー性格,一番性格
復活,ふっかつ,その後復活,オザケン復活,ケータイ復活,コンビ復活,サイト復活
独自,どくじ,お客様独自,わが国独自,アニメ独自,グループ独自,サイト独自
規制,きせい,アクセス規制,インターネット規制,エロ規制,エロゲ規制,カフェ規制
大型,おおがた,その他大型,インチ大型,一部大型,中型大型,付大型
予防,よぼう,むし歯予防,アルツハイマー予防,アレルギー予防,インフル予防,インフルエン予防
講師,こうし,アルバイト講師,カリスマ講師,ギター講師,ゲスト講師,コース講師
集団,しゅうだん,お笑い集団,アイドル集団,アホ集団,アーティスト集団,アート集団
製作,せいさく,アクセサリー製作,アニメ製作,アニメーション製作,アルバム製作,アンプ製作
任せ,まかせ,仕事を任せられる,政権を任せられる
効率,こうりつ,エネルギー効率,コスト効率,システム効率,スペース効率,ダメージ効率
教師,きょうし,エロ教師,カリスマ教師,スキー教師,スーパー教師,セクハラ教師
条例,じょうれい,センター条例,下水道条例,予防条例,二条例,人権条例
弁当,べんとう,ご飯弁当,すき焼き弁当,オリジナル弁当,オリジン弁当,オーガニック弁当
独立,どくりつ,その後独立,アイルランド独立,アメリカ独立,アルジェリア独立,インド独立
設立,せつりつ,クラブ設立,グループ設立,サイト設立,スレッド設立,センター設立
要素,ようそ,お笑い要素,アクション要素,インライン要素,エロ要素,オカルト要素
実績,じっせき,その他実績,カウンセリング実績,コンサルティング実績,コース実績,サポート実績
航空,こうくう,その他航空,アナ航空,アフガン航空,アメリカ航空,アメリカン航空
資産,しさん,その他資産,カード資産,シストレ資産,ソフト資産,ソフトウェア資産
感情,かんじょう,どす黒い感情,プラス感情,マイナス感情,一番感情,上がる感情
接続,せつぞく,アップ接続,アナログ接続,アンテナ接続,インターネット接続,エリア接続
物質,ぶっしつ,かく乱物質,アルカリ性物質,アレル物質,アレルギー物質,アレルゲン物質
品質,ひんしつ,サービス品質,ソフトウェア品質,データ品質,ハイテク品質,メーカー品質
示す,しめす,全く示す,初めて示す,改めて示す,暗に示す,示しさ
評判,ひょうばん,アルバイト評判,クチコミ評判,バイト評判,プラント評判,一番評判
支持,しじ,アメリカ支持,イスラエル支持,オバマ支持,チベット支持,ブッシュ支持
芸術,げいじゅつ,その他芸術,ガラス芸術,フランス芸術,プロレタリア芸術,ベルリン芸術
快適,かいてき,シーズン快適,一年中快適,一番快適,使える快適,健康快適
寄せ,よせ,コメント寄せ,サヤ寄せ,シワ寄せ,ゼリー寄せ,中央寄せ
周囲,しゅうい,その他周囲,ウエスト周囲,プラント周囲,取り巻く周囲,口周囲
公演,こうえん,お正月公演,こけら落とし公演,アトリエ公演,アメリカ公演,アリーナ公演
職場,しょくば,今日職場,以前職場,働く職場,働ける職場,先日職場
同士,どうし,お客同士,お客様同士,お母さん同士,アイドル同士,アーティスト同士
田舎,いなか,ニュース田舎,フィレンツェ田舎,フランス田舎,プチ田舎,リフォーム田舎
喜び,よろこび,この上ない喜び,作る喜び,使う喜び,働く喜び,出会う喜び
現れ,あらわれ,多く現れ,多数現れ,強く現れ,早く現れ,最近現れ
構築,こうちく,アプリケーション構築,インフラ構築,ウェブサイト構築,キャリア構築,コミュニティ構築
演出,えんしゅつ,アツ演出,アニメ演出,アニメーション演出,オペラ演出,オリジナル演出
活性,かっせい,アミラーゼ活性,イオン活性,ウイルス活性,エストロゲン活性,コミュニケーション活性
標準,ひょうじゅん,インターネット標準,ウェブ標準,コンクリート標準,システム標準,スキル標準
原則,げんそく,パリ原則,一原則,三原則,上原則,予防原則
減少,げんしょう,その後減少,ダメージ減少,トン減少,ドル減少,パーセント減少
神経,しんけい,セロトニン神経,ドーパミン神経,一番神経,上神経,伝える神経
移転,いてん,オフィス移転,キャンパス移転,グアム移転,サイト移転,サーバ移転
受賞,じゅしょう,アカデミー受賞,アワード受賞,オスカー受賞,カンヌ受賞,グラミー受賞
測定,そくてい,その他測定,イオン測定,インピーダンス測定,ガス測定,サイズ測定
職業,しょくぎょう,一職業,世紀職業,中央職業,人気職業,使う職業
経過,けいか,か月経過,カ月経過,ケ月経過,ターン経過,ヵ月経過
確定,かくてい,ボーナス確定,メダル確定,リーチ確定,ルート確定,上確定
所属,しょぞく,エイベックス所属,エンターテインメント所属,エージェンシー所属,ギルド所属,クラブ所属
基地,きち,アメリカ基地,アンテナ基地,グアンタナモ基地,ザプレ基地,スポーツ基地
災害,さいがい,その他災害,サイクロン災害,テロ災害,上災害,事故災害
大統領,だいとうりょう,アイゼンハワー大統領,アキノ大統領,アサド大統領,アッバース大統領,アハマディネジャド大統領
適切,てきせつ,その他適切,一番適切,上適切,係る適切,基づき適切
居酒屋,いざかや,その他居酒屋,カラオケ居酒屋,クーポン居酒屋,グルメ居酒屋,サイト居酒屋
規則,きそく,その他規則,ゴルフ規則,上場規則,予防規則,事務規則
勢い,いきおい,エライ勢い,スゴイ勢い,スレッド勢い,ー勢い,一番勢い
武器,ぶき,インテリジェンス武器,オリジナル武器,サブ武器,ネタ武器,メイン武器
貸し,かし,お金貸し,ギャラリー貸し,トイレ貸し,ノート貸し,ビデオ貸し
適当,てきとう,その他適当,ー適当,一番適当,上適当,適当さ
現象,げんしょう,エルニーニョ現象,オカルト現象,クリープ現象,ストロー現象,デフレ現象
慣れ,なれ,
得意,とくい,一番得意,固定得意,得意さ,得意さま,得意みたい
財産,ざいさん,その他財産,一財産,会社財産,係る財産,保有財産
保育,ほいく,へき地保育,一保育,一時保育,中央保育,主任保育
輸入,ゆにゅう,その他輸入,アメリカ輸入,カナダ輸入,カバン輸入,ガス輸入
個別,こべつ,その他個別,アニキャラ個別,キャラ個別,セミナー個別,プラン個別
支配,しはい,アジア支配,アメリカ支配,イギリス支配,インド支配,ソ連支配
態度,たいど,デカイ態度,ー態度,優しい態度,冷たい態度,制作態度
機構,きこう,カム機構,クラッチ機構,クランク機構,サイクル機構,サービス機構
財政,ざいせい,その他財政,ギリシャ財政,ハンガリー財政,上院財政,中国財政
義務,ぎむ,交付義務,伝える義務,作成義務,使用義務,係る義務
出張,しゅっちょう,アメリカ出張,タイ出張,ドイツ出張,パソコン出張,ビジネス出張
指示,しじ,事前指示,会指示,位置指示,作戦指示,作業指示
性能,せいのう,ウェット性能,エンジン性能,オフロード性能,カメラ性能,ガス性能
記述,きじゅつ,データ記述,ハードウェア記述,ファイル記述,ページ記述,仕様記述
資本,しほん,その他資本,アメリカ資本,イギリス資本,カジノ資本,グローバル資本
開設,かいせつ,オフィス開設,ギャラリー開設,クリニック開設,コース開設,コーナー開設
殺し,ころし,アクロイド殺し,キャラ殺し,ドラゴン殺し,ヌッ殺し,ハメ殺し
格安,かくやす,ケータイ格安,サービス格安,ツアー格安,バス格安,パソコン格安
好評,こうひょう,キャンペーン好評,ジャパン好評,セール好評,チケット好評,プラン好評
競技,きょうぎ,その他競技,アイスホッケー競技,アジア競技,アマチュア競技,アルペン競技
雑貨,ざっか,お気に入り雑貨,その他雑貨,アイデア雑貨,アウトドア雑貨,アクセサリー雑貨
強制,きょうせい,アウシュビッツ強制,アウシュヴィッツ強制,シベリア強制,ドイツ強制,上強制
自殺,じさつ,その後自殺,アナ自殺,イジメ自殺,ガス自殺,ピストル自殺
金属,きんぞく,その他金属,アモルファス金属,アルカリ金属,バルク金属,ロンドン金属
解消,かいしょう,ギャップ解消,コリ解消,コンビ解消,コンプレックス解消,ストレス解消
明確,めいかく,上明確,明確さ,明確性,責任明確,ルールの明確
損害,そんがい,アクサ損害,アニコム損害,エース損害,セコム損害,ソニー損害
文句,もんく,アオリ文句,グダグダ文句,グチ文句,ー文句,一切文句
個性,こせい,ツアー個性,個性あふれ,個性たっぷり,個性ゆたか,個性付け
常識,じょうしき,ニュース常識,一番常識,世界常識,世間常識,健康常識
保健,ほけん,その他保健,へき地保健,カナダ保健,センター保健,タイ保健
日程,にってい,イベント日程,セミナー日程,ツアー日程,モデル日程,ライブ日程
成績,せいせき,シーズン成績,チーム成績,テスト成績,リーグ成績,レース成績
美術,びじゅつ,その他美術,アジア美術,アメリカ美術,アンティーク美術,イタリア美術
過程,かてい,マルコフ過程,一過程,代謝過程,体験過程,作る過程
期限,きげん,キャンセル期限,上記期限,交付期限,会員期限,使用期限
特性,とくせい,せん断特性,インピーダンス特性,エンジン特性,キャラ特性,クリープ特性
保管,ほかん,お気に入り保管,コピペ保管,スレ保管,データ保管,ネタ保管
設け,もうけ,以上設け,多く設け,多数設け,席設け,複数設け
備え,そなえ,全て備え,十分備え,持ち備え,本来備え,赤備え
素直,すなお,一番素直,明るく素直,素直さ,素直すぎ,素直クール
殺人,さつじん,アベック殺人,コンクリ殺人,コンクリート殺人,サイト殺人,ストーカー殺人
事態,じたい,不測事態,予測事態,争う事態,事態下,事態収拾
複雑,ふくざつ,一番複雑,内心複雑,多く複雑,大きく複雑,大変複雑
職人,しょくにん,アクセサリー職人,イタリア職人,エッチング職人,ガラス職人,ギター職人
限界,げんかい,ギリギリ限界,体力限界,使用限界,出来る限界,北方限界
統合,とうごう,アフィリエイト統合,インテリ統合,グアム統合,サーバ統合,サーバー統合
芸能,げいのう,その他芸能,アイドル芸能,アサヒ芸能,アジア芸能,ショップ芸能
形態,けいたい,オブジェ形態,コース形態,サービス形態,バンド形態,ビジネス形態
支給,しきゅう,ボーナス支給,一律支給,一部支給,万支給,上乗せ支給
再度,さいど,再度する,再度やる,再度作る,再度入れる,再度出る
実態,じったい,事故実態,事業実態,交通実態,使用実態,係る実態
経由,けいゆ,アクアライン経由,アマゾン経由,アムステルダム経由,アメリカ経由,インター経由
配布,はいふ,アイテム配布,カタログ配布,カード配布,クーポン配布,コピー配布
統一,とういつ,アフリカ統一,イタリア統一,カルト統一,ドイツ統一,ブランド統一
取り寄せ,とりよせ,メーカーから取り寄せとる,商品は取り寄せとる,見積もりを取り寄せられる
新幹線,しんかんせん,ポケモン新幹線,ミニ新幹線,リニア新幹線,中国新幹線,中央新幹線
支部,しぶ,アメリカ支部,オホーツク支部,コン支部,ドイツ支部,ラジオ支部
習慣,しゅうかん,付ける習慣,作る習慣,使う習慣,健康習慣,入る習慣
面接,めんせつ,アルバイト面接,グループ面接,バイト面接,上面接,事前面接
通過,つうか,ゲート通過,コーナー通過,トップ通過,トンネル通過,ポイント通過
通報,つうほう,メール通報,一通報,事前通報,個人通報,公益通報
厚生,こうせい,その他厚生,九州厚生,二厚生,会厚生,係る厚生
税金,ぜいきん,以上税金,係る税金,全て税金,全部税金,全額税金
検証,けんしょう,サービス検証,システム検証,データ検証,ビーン検証,ブログ検証
独特,どくとく,インド独特,一種独特,中国独特,京都独特,伝わる独特
燃料,ねんりょう,アルコール燃料,ウラン燃料,エコ燃料,エタノール燃料,エマルジョン燃料
増える,ふえる,いつの間にか増える,もう少し増える,ドンドン増える,一向に増える,一段と増える
予測,よそく,トレンド予測,モデル予測,下落予測,予後予測,予測どおり
判決,はんけつ,パール判決,上記判決,不当判決,中間判決,事件判決
支店,してん,その他支店,インターネット支店,シンガポール支店,ニューヨーク支店,ネット支店
復帰,ふっき,その後復帰,コース復帰,スタメン復帰,スポーツ復帰,テレビ復帰
総会,そうかい,その他総会,クラブ総会,ユネスコ総会,両院総会,中医協総会
布団,ふとん,その他布団,コタツ布団,セット布団,ダニ布団,ベビー布団
確立,かくりつ,アイデンティティ確立,システム確立,ブランド確立,ルール確立,主導確立
血液,けつえき,ヒト血液,人工血液,加熱血液,同じ血液,型血液
前提,ぜんてい,使う前提,共通前提,前提そのもの,前提みたい,前提事実
定義,ていぎ,ウィルス定義,ウイルス定義,クラス定義,テーブル定義,データ定義
講習,こうしゅう,アップ講習,アドバンス講習,インターネット講習,ウォーター講習,カット講習
講義,こうぎ,セミナー講義,ビデオ講義,ミニ講義,ライブ講義,リレー講義
現金,げんきん,カード現金,クレカ現金,クレジット現金,クレジットカード現金,パック現金
検定,けんてい,びわ湖検定,アニメ検定,アロマ検定,アロマテラピー検定,インターネット検定
性質,せいしつ,一番性質,動的性質,同じ性質,商品性質,固まる性質
衛生,えいせい,その他衛生,中国衛生,予防衛生,保健衛生,保険衛生
統計,とうけい,アクセス統計,ベイズ統計,ページビュー統計,主要統計,事故統計
造り,つくり,ウイスキー造り,ケヤキ造り,コンクリート造り,ヒノキ造り,ヒバ造り
査定,さてい,オンライン査定,カンタン査定,クルマ査定,スピード査定,ゼロ査定
広報,こうほう,グループ広報,センター広報,チャンネル広報,テレビ広報,テレビ朝日広報
応用,おうよう,コンピュータ応用,デバイス応用,ネットワーク応用,マイコン応用,レーザー応用
受講,じゅこう,クラス受講,コース受講,スクーリング受講,スクール受講,セミナー受講
演技,えんぎ,アクション演技,フリー演技,一番演技,全部演技,初々しい演技
仏教,ぶっきょう,インド仏教,ウィキプロジェクト仏教,タイ仏教,チベット仏教,テーラワーダ仏教
入居,にゅうきょ,アパート入居,テナント入居,ホーム入居,マンション入居,不問入居
判定,はんてい,オフサイド判定,カテゴリ判定,スパム判定,ダメージ判定,トレンド判定
小型,こがた,その他小型,ドライバー小型,乗り小型,付き小型,使える小型
観測,かんそく,アメダス観測,オーロラ観測,ガス観測,コロナ観測,トリノ観測
在住,ざいじゅう,アメリカ在住,イギリス在住,イタリア在住,エリア在住,オランダ在住
防衛,ぼうえい,シーレーン防衛,タイトル防衛,ドル防衛,ミサイル防衛,一防衛
要因,よういん,アップ要因,コスト要因,ストレス要因,テクニカル要因,プラス要因
在日,ざいにち,住む在日,反日在日,同じ在日,在日さん,在日たち
総理,そうり,三総理,内閣総理,初代総理,周総理,国務総理
再現,さいげん,シーン再現,上手く再現,再現シーン,再現ドラマ,再現ビデオ
救急,きゅうきゅう,キッズ救急,センター救急,パソコン救急,休日救急,初期救急
再開,さいかい,ゲーム再開,サイト再開,サービス再開,ストップ再開,ダイエット再開
現役,げんえき,会現役,大学現役,大臣現役,年現役,当時現役
出現,しゅつげん,アイテム出現,キャラ出現,キーワード出現,モンスター出現,ライバル出現
移行,いこう,アプリ移行,サーバ移行,サーバー移行,サービス移行,システム移行
予報,よほう,か月予報,カ月予報,ポイント予報,ヵ月予報,ヶ月予報
総務,そうむ,その他総務,センター総務,一博総務,人事総務,会総務
申告,しんこく,中間申告,予定申告,予納申告,事前申告,係る申告
素人,しろうと,サッカー素人,パソコン素人,単なる素人,女優素人,完全素人
確率,かくりつ,トータル確率,ベル確率,ボーナス確率,一定確率,一番確率
主婦,しゅふ,アラフォー主婦,オタ主婦,カリスマ主婦,グータラ主婦,サラリーマン主婦
新型,しんがた,お腹新型,インフル新型,インフルエンザ新型,プレマシー新型,ランド新型
提示,ていじ,カード提示,クーポン提示,ソース提示,ダウン提示,パスポート提示
余計,よけい,一つ余計,一言余計,余計ひどい,余計わかる,余計悪い
無効,むこう,その他無効,ダメージ無効,一切無効,一部無効,上無効
留学,りゅうがく,アイルランド留学,アップ留学,アメリカ留学,イギリス留学,イタリア留学
予告,よこく,その後予告,アップ予告,アツ予告,イベント予告,キセル予告
改造,かいぞう,ゲーム改造,コース改造,スイング改造,データ改造,ノーマル改造
条約,じょうやく,ウィーン条約,ウェストファリア条約,オタワ条約,カ国条約,サンフランシスコ条約
消防,しょうぼう,その他消防,リアル消防,三消防,付消防,係る消防
防災,ぼうさい,その他防災,アンチエイジング防災,グッズ防災,コミュニティ防災,中央防災
保全,ほぜん,スレ保全,予防保全,保全その他,保全コスト,保全サービス
特許,とっきょ,アメリカ特許,サブマリン特許,ソフトウェア特許,ターゲティング特許,ビジネス特許
輸送,ゆそう,その他輸送,イオン輸送,エネルギー輸送,ガス輸送,コンテナ輸送
犯人,はんにん,キミ犯人,事件犯人,放火犯人,早く犯人,殺人犯人
有限,ゆうげん,その他有限,アクリネット有限,サービス有限,タクシー有限,フェン有限
編成,へんせい,アコースティック編成,カリキュラム編成,クラス編成,グループ編成,ダイヤ編成
容量,ようりょう,キャッシュ容量,コンデンサ容量,サーバ容量,サーバー容量,ストレージ容量
形状,けいじょう,アーチ形状,カップ形状,グリップ形状,コネクタ形状,シート形状
余り,あまり,か月余り,カネ余り,カ月余り,キロ余り,センチ余り
防ぐ,ふせぐ,ある程度防ぐ,極力防ぐ,防ぎ切れ,防ぎ得,防ぎ資源
幹部,かんぶ,アルカイダ幹部,オウム幹部,オウム真理教幹部,クラブ幹部,グループ幹部
勢力,せいりょく,イスラム勢力,タリバン勢力,テロ勢力,ユダヤ勢力,リベラル勢力
開示,かいじ,その他開示,カルテ開示,コード開示,データ開示,リスク開示
修行,しゅぎょう,ヂカラ修行,プチ修行,人生修行,人間修行,仏教修行
解放,かいほう,アジア解放,イスラム解放,イーラム解放,キャップ解放,コソボ解放
分布,ぶんぷ,エネルギー分布,ガウス分布,サイズ分布,スペクトル分布,ポアソン分布
保有,ほゆう,ウイルス保有,カード保有,ポイント保有,不動産保有,以上保有
業績,ぎょうせき,中間業績,主要業績,今期業績,会社業績,個人業績
幹事,かんじ,クラス幹事,クラブ幹事,一幹事,三幹事,中央幹事
不可,ふか,お気に入り不可,アクセス不可,カナ不可,カード不可,ガード不可
正解,せいかい,クイズ正解,一番正解,以上正解,全て正解,全員正解
適正,てきせい,上適正,不動産適正,利用適正,医薬品適正,取引適正
帰属,きぞく,個別帰属,原因帰属,帰属主体,帰属先,帰属収入
付属,ふぞく,その他付属,キット付属,ケース付属,セット付属,センター付属
正常,せいじょう,一部正常,全て正常,国交正常,性正常,教育正常
主演,しゅえん,たか子主演,ひろ子主演,アカデミー主演,アンジー主演,イチ主演
解散,かいさん,その後解散,グループ解散,コンビ解散,チーム解散,バンド解散
招待,しょうたい,イベント招待,ペア招待,ライブ招待,会招待,劇場招待
過ごす,すごす,ぼーっと過ごす,ダラダラ過ごす,仲良く過ごす,共に過ごす,少し過ごす
本質,ほんしつ,成分本質,持つ本質,本質そのもの,本質上,本質主義
速報,そくほう,アンケート速報,イベント速報,ゲーム速報,サイト速報,サービス速報
分解,ぶんかい,たんぱく質分解,アルコール分解,オゾン分解,セルロース分解,タンパク分解
水準,すいじゅん,サービス水準,トップ水準,一水準,一定水準,上回る水準
比べる,くらべる,何と比べる,比べあまり,比べかなり,比べはるか,比べカロリー
経費,けいひ,その他経費,事務経費,事務所経費,事業経費,会社経費
暴力,ぼうりょく,中傷暴力,国家暴力,対象暴力,性暴力,性的暴力
往復,おうふく,ウェイ往復,バス往復,一往復,三往復,二往復
輸出,ゆしゅつ,インフラ輸出,ガス輸出,コメ輸出,プラント輸出,ミサイル輸出
許し,ゆるし,お願い許し,全て許し,心許し,快く許し,絶対許し
判明,はんめい,事実判明,今回判明,今日判明,判明分,判明後
財団,ざいだん,その他財団,ウィキメディア財団,グラード財団,ゲイツ財団,スポーツ財団
週刊,しゅうかん,ナンバー週刊,一部週刊,三流週刊,写真週刊,向け週刊
増し,まし,倍増し,円増し,割増し,増し増し,増し玉
圧力,あつりょく,インフレ圧力,ガス圧力,ゲージ圧力,デフレ圧力,下げ圧力
意義,いぎ,使う意義,働く意義,大きな意義,大変意義,存在意義
任意,にんい,その他任意,任意たん,任意予防,任意代理,任意代理人
実質,じっしつ,実質あと,実質これ,実質タダ,実質ベース,実質マイナス
河川,かせん,三河川,上流河川,下流河川,中小河川,主要河川
逆転,ぎゃくてん,ギャートルズ逆転,一打逆転,上下逆転,人生逆転,代打逆転
見解,けんかい,個人見解,公式見解,共通見解,労使見解,同じ見解
法則,ほうそく,ランチェスター法則,一法則,三法則,二法則,伝聞法則
保守,ほしゅ,オンサイト保守,サーバー保守,システム保守,スレ保守,ネット保守
本件,ほんけん,ア本件,イ本件,ウ本件,一本件,二本件
複製,ふくせい,油絵複製,無く複製,無断複製,的複製,私的複製
正義,せいぎ,カトリック正義,中村正義,信じる正義,国際正義,孫正義
張り,はり,お湯張り,イス張り,エラ張り,ガット張り,クロス張り
得点,とくてん,ケタ得点,スコア得点,チーム得点,ボーナス得点,リーグ得点
賛成,さんせい,付き賛成,全員賛成,全面賛成,割賛成,参拝賛成
単独,たんどく,アンダー単独,リロード単独,党単独,共産党単独,単独イベント
容器,ようき,アルミ容器,カップ容器,ガス容器,ガラス容器,コンポスト容器
点検,てんけん,パロマ点検,レセプト点検,ヶ月点検,事前点検,係る点検
酸素,さんそ,体内酸素,動脈血酸素,在宅酸素,型酸素,式酸素
火災,かさい,その他火災,アパート火災,グループホーム火災,タンク火災,デパート火災
花粉,かふん,アレルシャット花粉,シラカバ花粉,スギ花粉,ヒノキ花粉,早く花粉
移植,いしょく,コンシューマ移植,サンゴ移植,ベタ移植,ミニ移植,受精卵移植
総額,そうがく,予算総額,代金総額,会計総額,価格総額,借入総額
相性,あいしょう,タイプ相性,一番相性,二相性,型相性,無料相性
工程,こうてい,エッチング工程,テスト工程,プレス工程,一工程,上流工程
告白,こくはく,ガン告白,メール告白,体験告白,告白みたい,告白イベント
個室,こしつ,カップル個室,カラオケ個室,グリーン個室,スタイリッシュ個室,テーブル個室
謝罪,しゃざい,一切謝罪,全面謝罪,公式謝罪,公開謝罪,土下座謝罪
制服,せいふく,カワイイ制服,スカ制服,バイト制服,世界制服,中学校制服
職種,しょくしゅ,その他職種,キーワード職種,ヘルプ職種,一職種,人気職種
貿易,ぼうえき,アジア貿易,アヘン貿易,インド貿易,オリエント貿易,サンワード貿易
婦人,ふじん,一婦人,中年婦人,仏教婦人,会婦人,働く婦人
飼育,しいく,オオクワガタ飼育,カブ飼育,カブトムシ飼育,キマイラ飼育,クワ飼育
愛情,あいじょう,優しい愛情,大きな愛情,強い愛情,愛情いっぱい,愛情こめ
財布,さいふ,がま口財布,つ折財布,つ折り財布,ガリ財布,グッチ財布
酸化,さんか,アノード酸化,アンモニア酸化,オゾン酸化,ゲート酸化,シリコン酸化
軽減,けいげん,コスト軽減,ストレス軽減,ダメージ軽減,ブレ軽減,リスク軽減
書士,しょし,司法書士,書士さん,書士ら,書士ブログ,書士一覧
刊行,かんこう,その他刊行,ぶんか社刊行,コミックス刊行,シリーズ刊行,不定期刊行
務め,つとめ,代々務め,以上務め,務め上げ,年務め,年間務め
構想,こうそう,ウェイ構想,カジノ構想,キャンパス構想,システム構想,シティ構想
才能,さいのう,作る才能,幼児才能,意味才能,感じる才能,才能たち
居住,きょじゅう,その他居住,マンション居住,交流居住,人間居住,以上居住
意志,いし,働く意志,固い意志,国家意志,大いなる意志,宇宙意志
現れる,あらわれる,再び現れる,初めて現れる,同時に現れる,必ず現れる,時々現れる
現行,げんこう,現行どおり,現行システム,現行スレ,現行ダイヤ,現行バージョン
件数,けんすう,アクセス件数,クチコミ件数,データ件数,ヒット件数,マーク件数
防犯,ぼうはん,その他防犯,スーパー防犯,全国防犯,各種防犯,向け防犯
検出,けんしゅつ,ウィルス検出,ウイルス検出,エッジ検出,エラー検出,メラミン検出
省略,しょうりゃく,ページ省略,一部省略,中間省略,以下省略,入力省略
職務,しょくむ,その他職務,会長職務,係る職務,同じ職務,定める職務
財務,ざいむ,か国財務,その他財務,カ国財務,ガイトナー財務,フロー財務
解体,かいたい,ソ連解体,ビル解体,マグロ解体,一部解体,住宅解体
確信,かくしん,半ば確信,強い確信,強く確信,的確信,確信めい
体質,たいしつ,ぬるま湯体質,アトピー体質,アレルギー体質,ケロイド体質,コスト体質
説得,せっとく,一番説得,大変説得,強い説得,強く説得,的説得
史上,しじょう,アニメ史上,アメリカ史上,オリンピック史上,クラブ史上,ゲーム史上
保持,ほじ,スレ保持,セッション保持,タイトル保持,データ保持,ボール保持
告知,こくち,お知らせ告知,その他告知,アップ告知,イベント告知,ガン告知
新刊,しんかん,お気に入り新刊,お知らせ新刊,コミ新刊,コミック新刊,サンクリ新刊
雑談,ざつだん,その他雑談,カテゴリ雑談,ネタ雑談,マターリ雑談,単なる雑談
戦士,せんし,イスラム戦士,ウルトラ戦士,サイボーグ戦士,サポ戦士,セーラー戦士
正規,せいき,メーカー正規,全て正規,国内正規,基づき正規,対数正規
墓地,ぼち,アーリントン墓地,ペット墓地,全て墓地,全国墓地,公営墓地
境内,けいだい,八坂神社境内,同じ境内,善光寺境内,境内いっぱい,境内一帯
寄り,より,お立ち寄り,アメリカ寄り,イスラエル寄り,スレシワ寄り,センター寄り
規格,きかく,サイズ規格,システム規格,テックス規格,フル規格,一規格
損失,そんしつ,エネルギー損失,データ損失,パケット損失,プライム損失,上回る損失
加減,かげん,お湯加減,イイ加減,エエ加減,サジ加減,ー加減
属性,ぞくせい,っ子属性,ショタ属性,ツンデレ属性,ファイル属性,メガネ属性
新設,しんせつ,コース新設,コーナー新設,センター新設,ページ新設,今回新設
構え,かまえ,カメラ構え,デジカメ構え,争う構え,低く構え,大きく構え
精度,せいど,キック精度,シュート精度,パス精度,予想精度,予測精度
高額,こうがく,アルバイト高額,バイク高額,バイト高額,一番高額,保険高額
複合,ふくごう,アルミ複合,インクジェット複合,ウェディング複合,カラー複合,タンパク質複合
類似,るいじ,その他類似,医業類似,年度類似,性交類似,的類似
守備,しゅび,ザル守備,全員守備,内野守備,前進守備,固い守備
人格,じんかく,一人格,交代人格,人格そのもの,人格みたい,人格ラヂオ
寄付,きふ,ドル寄付,万寄付,個人寄付,全額寄付,円寄付
制定,せいてい,ルール制定,制定以前,制定以来,制定以降,制定会議
実務,じつむ,ビジネス実務,不動産実務,以上実務,会計実務,作成実務
課税,かぜい,キャピタルゲイン課税,一体課税,並み課税,価格課税,係る課税
殺す,ころす,何故殺す,必ず殺す,本当に殺す,殺しさ,殺し事件
不快,ふかい,不快げ,不快さ,不快害虫,不快度,不快感
情熱,じょうねつ,アップ情熱,下町情熱,強い情熱,情熱うどん,情熱ホルモン
真似,まね,サル真似,声真似,泣き真似,真似ごと,真似っ子
一条,いちじょう,一条さゆり,一条さん,一条ただし,一条ゆかり,一条先生
改修,かいしゅう,その他改修,ため池改修,エコ改修,コース改修,システム改修
計測,けいそく,その他計測,グッズ計測,サイズ計測,タイム計測,データ計測
要件,ようけん,システム要件,セキュリティ要件,パス要件,ビジネス要件,一定要件
衛星,えいせい,アマチュア衛星,イリジウム衛星,インターネット衛星,スパイ衛星,デジタル衛星
解明,かいめい,ナゾ解明,メカニズム解明,事件解明,事実解明,仕組み解明
比率,ひりつ,エネルギー比率,ソルベンシーマージン比率,ブレンド比率,一定比率,不足比率
木造,もくぞう,一木造,伝統木造,住宅木造,優良木造,古い木造
兵士,へいし,アメリカ兵士,イスラエル兵士,タリバン兵士,一兵士,下級兵士
技能,ぎのう,コンサルティング技能,サービス技能,シーフ技能,ジャー技能,セージ技能
無限,むげん,上無限,以下無限,可算無限,広がる無限,持つ無限
原告,げんこく,ア原告,イ原告,ウ原告,一原告,事件原告
情勢,じょうせい,アジア情勢,アフガニスタン情勢,アフガン情勢,イラク情勢,イラン情勢
絶望,ぜつぼう,今季絶望,深い絶望,絶望ポーカー,絶望先生,絶望少女
格差,かくさ,世代格差,価格格差,健康格差,利回り格差,力格差
学術,がくじゅつ,会学術,北九州学術,国際学術,大会学術,大学学術
接種,せっしゅ,インフルワクチン接種,ワクチン接種,予防接種,事前接種,任意接種
肥料,ひりょう,ボカシ肥料,化学肥料,化成肥料,合成肥料,固形肥料
暴走,ぼうそう,タクシー暴走,マツダ暴走,初日の出暴走,工場暴走,暴走ぎみ
独り言,ひとりごと,単なる独り言,大きな独り言,独り言さん,独り言みたい,独り言スレ
生態,せいたい,エネルギー生態,保全生態,動物生態,地生態,地域生態
支出,ししゅつ,不正支出,予算支出,事業支出,係る支出,保障支出
年寄り,としより,年寄りたち,年寄りども,年寄りみたい,年寄りら,年寄り向き
基金,ききん,アサザ基金,トラスト基金,ボランティア基金,世界基金,事業基金
答弁,とうべん,先ほど答弁,別紙答弁,前回答弁,同じ答弁,国会答弁
予備,よび,ニート予備,メタボ予備,予備タンク,予備チューブ,予備バッテリ
証言,しょうげん,実名証言,戦争証言,生々しい証言,的証言,裏付ける証言
混雑,こんざつ,アクセス混雑,一番混雑,交通混雑,多く混雑,大変混雑
団地,だんち,すすき野団地,もみじ台団地,マンモス団地,一団地,二団地
接客,せっきゃく,スタッフ接客,ホール接客,市接客,接客アリ,接客オープニング
提言,ていげん,中間提言,会提言,会議提言,共同提言,創る提言
習得,しゅうとく,スキル習得,完全習得,技習得,技能習得,技術習得
変態,へんたい,マルテンサイト変態,不完全変態,単なる変態,変態さん,変態すぎ
清潔,せいけつ,大変清潔,広く清潔,新しく清潔,明るく清潔,毎日清潔
混合,こんごう,アスファルト混合,ウラン混合,エタノール混合,サイズ混合,プルトニウム混合
賞味,しょうみ,ヶ月賞味,仕様賞味,保存賞味,個賞味,入り賞味
迷い,まよい,世迷い,迷いがち,迷いごと,迷いどころ,迷いネコ
自演,じえん,全部自演,自作自演,自演ご苦労,自演だらけ,自演みたい
個体,こたい,クローン個体,ブリード個体,ワイルド個体,一個体,交雑個体
決断,けつだん,厳しい決断,大きな決断,政治決断,早い決断,早く決断
政令,せいれい,その他政令,公布政令,基づく政令,定める政令,市政令
市営,しえい,京都市営,佐世保市営,佐賀市営,八戸市営,北九州市営
不可欠,ふかけつ,上不可欠,必要不可欠,絶対不可欠,ビジネスに不可欠,不可欠とする
再会,さいかい,再会シーン,再会出来,再会後,再会時,再会編
増やす,ふやす,もう少し増やす,増やすかも,増やすつもり,増やすとき,増やすなり
夢中,むちゅう,一番夢中,夢中さ,夢中さん,夢中遊行,お話に夢中
貸切,かしきり,バス貸切,フロア貸切,付貸切,付き貸切,個室貸切
出資,しゅっし,インテル出資,ファンド出資,以上出資,優先出資,全額出資
確かめ,たしかめ,愛を確かめ合う
適応,てきおう,保険適応,地形適応,学校適応,手術適応,文化適応
修復,しゅうふく,データ修復,保存修復,修復インストール,修復サービス,修復プロジェクト
養護,ようご,七生養護,不自由養護,児童養護,学園養護,市養護
常連,じょうれん,ランキング常連,上位常連,大会常連,常連さま,常連さん
演説,えんぜつ,アジ演説,オバマ演説,スポット演説,テレビ演説,プラハ演説
住居,じゅうきょ,シェア住居,世帯住居,中高層住居,低層住居,住居スペース
限度,げんど,一定限度,使用限度,保証限度,保険限度,借入限度
水素,すいそ,ドクター水素,ニッケル水素,マイナス水素,三重水素,二水素
復興,ふっこう,アフガニスタン復興,アフガン復興,イスラーム復興,イラク復興,ブーム復興
気象,きしょう,データベース気象,トップ気象,トピックス気象,世界気象,人工気象
液体,えきたい,イオン液体,冷たい液体,前記液体,性液体,有害液体
学歴,がくれき,不問学歴,学歴コンプ,学歴コンプレックス,学歴スレ,学歴ネタ
感性,かんせい,同じ感性,感じる感性,感性価値,感性工,感性工学
典型,てんけい,一典型,一番典型,典型みたい,典型パターン,典型例
貯金,ちょきん,アイデア貯金,エコ貯金,ケータイ貯金,タンス貯金,ボランティア貯金
大賞,たいしょう,お笑い大賞,イベント大賞,エコプロダクツ大賞,エネ大賞,オタク大賞
限る,かぎる,ある程度限る,本当に限る,極限る,極めて限る,結構限る
球団,きゅうだん,アストロ球団,オリックス球団,カープ球団,ダイエー球団,プロ球団
眼科,がんか,クリニック眼科,レーシック眼科,井上眼科,全て眼科,内科眼科
共演,きょうえん,スター共演,ドラマ共演,共演シーン,共演中,共演作
救い,すくい,大きな救い,救いたまえ,救い上げ,救い様,救い済度
夫妻,ふさい,イームズ夫妻,オーナー夫妻,ガン夫妻,キュリー夫妻,クリントン夫妻
破損,はそん,ガラス破損,データ破損,ファイル破損,一部破損,万が一破損
不能,ふのう,アクセス不能,ガード不能,クリア不能,コントロール不能,不能例
識別,しきべつ,個人識別,個体識別,味方識別,品種識別,商品識別
民営,みんえい,事業民営,保育園民営,公団民営,公社民営,公設民営
飼い主,かいぬし,ペット飼い主,優しい飼い主,悪い飼い主,新しい飼い主,早く飼い主
減る,へる,ドンドン減る,一向に減る,一気に減る,全く減る,全然減る
移住,いじゅう,アメリカ移住,ニッポン移住,ハワイ移住,ブラジル移住,プチ移住
車検,しゃけん,バイク車検,ホリデー車検,ユーザー車検,全国車検,初回車検
苦情,くじょう,係る苦情,公害苦情,情報苦情,朝ドラ苦情,直接苦情
酒造,しゅぞう,オガタマ酒造,オス酒造,ビール酒造,一酒造,七酒造
破産,はさん,カード破産,ローン破産,会社破産,個人破産,国家破産
喜ぶ,よろこぶ,共に喜ぶ,喜びさ,喜びみたい,喜ぶところ,喜ぶはず
工務,こうむ,アラキ工務,メーカー工務,一条工務,中小工務,主義工務
備考,びこう,その他備考,フォーム備考,備考参照,備考用紙,備考覧
告げ,つげ,一言告げ,告げ温泉,告げ知らせ,春告げ,神告げ
案件,あんけん,スカウト案件,ハイクラス案件,予定案件,人事案件,付議案件
演習,えんしゅう,グループ演習,コンピュータ演習,デザイン演習,プログラミング演習,予行演習
復旧,ふっきゅう,サーバー復旧,システム復旧,データ復旧,ハードディスク復旧,一部復旧
復元,ふくげん,システム復元,デジタル復元,データ復元,ファイル復元,一部復元
効く,きく,ガンガン効く,全く効く,全然効く,効き具合,効くお茶
仮面,かめん,アクション仮面,ウサミミ仮面,カブト仮面,シルバー仮面,タキシード仮面
性別,せいべつ,主人公性別,同じ性別,座性別,性別すべて,性別不問
横断,おうだん,アジア横断,アメリカ横断,アメリカ大陸横断,サイト横断,シベリア横断
中断,ちゅうだん,リーグ中断,一時中断,中断セーブ,中断中,中断事由
接近,せっきん,住接近,列車接近,台風接近,号接近,急速接近
校舎,こうしゃ,プレハブ校舎,一校舎,中学校校舎,二校舎,仮設校舎
課程,かてい,修士課程,制課程,前期課程,博士課程,司書課程
要領,ようりょう,下記要領,作る要領,作成要領,作業要領,処理要領
演じる,えんじる,演じきり,演じわけ,演じ切り,演じ手,演じるとき
先祖,せんぞ,先祖さま,先祖さん,先祖たち,先祖代,先祖伝来
月額,げつがく,ファミリー月額,上限月額,基本月額,基本給月額,基準月額
上限,じょうげん,スキル上限,レベル上限,万上限,上限いっぱい,上限下限
資材,しざい,その他資材,インテリア資材,ガーデニング資材,リサイクル資材,仮設資材
経路,けいろ,アクセス経路,乗車経路,交通経路,代謝経路,伝送経路
救う,すくう,全く救う,少し救う,必ず救う,救うレビュー,救う仕事
仮想,かそう,クライアント仮想,サーバ仮想,サーバー仮想,ストレージ仮想,トップ仮想
断熱,だんねつ,ウレタン断熱,ウール断熱,セルロース断熱,ダブル断熱,ファイバー断熱
標識,ひょうしき,クラブ標識,交通標識,停止標識,分岐標識,国道標識
本編,ほんぺん,アニメ本編,ゲーム本編,シリーズ本編,ドラマ本編,ライブ本編
減らし,へらし,キロ減らし,一つ減らし,人数減らし,体重減らし,円減らし
停車,ていしゃ,バス停車,一時停車,一部停車,信号停車,停車パターン
血圧,けつあつ,家庭血圧,平均血圧,式血圧,時間血圧,最低血圧
主導,しゅどう,アメリカ主導,マスコミ主導,メーカー主導,ユーザー主導,中国主導
絶賛,ぜっさん,サイゾー絶賛,ソムリエ絶賛,ブック絶賛,医絶賛,歯医者絶賛
常時,じょうじ,インターネット常時,常時チェック,常時リソース,常時使用,常時公開
入賞,にゅうしょう,コンクール入賞,コンテスト入賞,フェンシング入賞,フォトコンテスト入賞,ヘソ入賞
任務,にんむ,主たる任務,主要任務,任務中,任務内容,任務分担
特価,とっか,お買い得特価,まとめ買い特価,アウトレット特価,インターネット特価,キャンペーン特価
接着,せっちゃく,アイロン接着,エポキシ接着,ホットメルト接着,両面接着,初期接着
志望,しぼう,アイドル志望,アナウンサー志望,ジャーナリスト志望,タレント志望,デザイナー志望
月刊,げっかん,向け月刊,専門月刊,月刊こども,月刊しゅん,月刊たくさん
建造,けんぞう,コンクリート建造,人工建造,仏教建造,古い建造,国宝建造
解答,かいとう,クイズ解答,別冊解答,問解答,問題解答,建解答
同居,どうきょ,ペット同居,世代同居,世帯同居,同居世帯,同居中
応答,おうとう,インパルス応答,ステップ応答,ストレス応答,光学応答,加速度応答
完備,かんび,インターネット完備,ウォシュレット完備,エアコン完備,エレベーター完備,カラオケ完備
守護,しゅご,京都守護,仏法守護,国守護,守護仏,守護代
全額,ぜんがく,代金全額,全額お客様,全額お返し,全額カット,全額キャッシュ
主任,しゅにん,ガス主任,センター主任,主任さん,主任ら,主任エコノミスト
適合,てきごう,ルール適合,交差適合,制度適合,制限適合,型式適合
燃焼,ねんしょう,エネルギー燃焼,エンジン燃焼,ガス燃焼,不完全燃焼,完全燃焼
営利,えいり,営利サイト,営利サービス,営利セクター,営利主義,営利事業
切断,せつだん,ガス切断,ケーブル切断,ネット切断,プラズマ切断,レーザ切断
検察,けんさつ,人民検察,国際検察,対検察,検察ファッショ,検察リーク
消毒,しょうどく,アルコール消毒,イカリ消毒,三共消毒,塩素消毒,太陽熱消毒
実在,じつざい,上実在,全て実在,実在人物,実在性,実在感
実証,じっしょう,システム実証,モデル実証,ヨット実証,共同実証,効果実証
名義,めいぎ,カード名義,ソロ名義,一名義,主人名義,他人名義
減らす,へらす,もう少し減らす,少し減らす,極力減らす,減らし目,減らすつもり
良質,りょうしつ,少ない良質,流れる良質,良質住宅,良質材,良質温泉
解約,かいやく,一部解約,保険解約,全部解約,口座解約,合意解約
不在,ふざい,エース不在,スター不在,ライバル不在,リーダー不在,不在がち
増大,ぞうだい,エントロピー増大,コスト増大,トルマリンカード増大,ペニス増大,リスク増大
務める,つとめる,務めるかたわら,務めるほか,務めるラジオ,務める一方,務める予定
技法,ぎほう,カウンセリング技法,コミュニケーション技法,テスト技法,プログラミング技法,伝統技法
銀河,ぎんが,アンドロメダ銀河,ウルトラ銀河,ギルティギア銀河,チャンネル銀河,パラダイス銀河
経歴,けいれき,実務経歴,工事経歴,業務経歴,活動経歴,犯罪経歴
経理,けいり,不正経理,仮装経理,会社経理,会計経理,係る経理
交際,こうさい,グループ交際,交際クラブ,交際クラブメル,交際サイト,交際スタート
軍団,ぐんだん,アフリカ軍団,イケメン軍団,オヤジ軍団,オレンジ軍団,カナリア軍団
志向,しこう,お客様志向,アウトドア志向,キャリア志向,グルメ志向,コンサルティング志向
採取,さいしゅ,ガス採取,コア採取,サンプル採取,データ採取,土採取
快速,かいそく,ホリデー快速,上り快速,中央快速,区間快速,夜行快速
断念,だんねん,上断念,上告断念,出馬断念,思い断念,無く断念
半額,はんがく,お子様半額,ドリンク半額,ビール半額,レンタル半額,全て半額
比例,ひれい,ストップ安比例,ストップ高比例,ブロック比例,人口比例,全国比例
風情,ふぜい,下町風情,京風情,人間風情,屋風情,的風情
必殺,ひっさつ,必殺シュート,必殺シリーズ,必殺スペシャル,必殺パンチ,必殺ファン
紀行,きこう,イタリア紀行,インド紀行,カメラ紀行,グルメ紀行,スケッチ紀行
続編,ぞくへん,シリーズ続編,早く続編,続編みたい,続編シリーズ,続編出
適度,てきど,中に適度,適度に体,適度に改行,適度に水分,適度に運動
再発,さいはつ,ガン再発,乳がん再発,事故再発,再発リスク,再発乳がん
賛同,さんどう,賛同いただき,賛同出来,賛同団体,賛同意見,賛同署名
辞任,じにん,ダブル辞任,代表辞任,会長辞任,党首辞任,取り辞任
招き,まねき,招き寄せ,福招き,招きで来日,招きをいただく,招きを受ける
暗殺,あんさつ,オバマ暗殺,ケネディ暗殺,ヒトラー暗殺,リンカーン暗殺,信長暗殺
歴代,れきだい,世界歴代,中国歴代,大会歴代,家歴代,小説歴代
上質,じょうしつ,ランク上質,上質さ,上質ホテル,上質個室,上質感
社団,しゃだん,年度社団,月社団,株式会社社団,法人社団,社団さくら
水質,すいしつ,係る水質,処理水質,原水水質,地下水質,基づく水質
独身,どくしん,アラフォー独身,一生独身,三十路独身,中年独身,才独身
規程,きてい,サービス規程,ローマ規程,上場規程,予防規程,事務規程
電圧,でんあつ,アナログ電圧,オフセット電圧,ゲート電圧,コア電圧,サージ電圧
再編,さいへん,グループ再編,ダム再編,事業再編,会社再編,体制再編
団子,だんご,すり身団子,イカ団子,エビ団子,キビ団子,ゴマ団子
救助,きゅうじょ,人命救助,全員救助,国際救助,女性救助,救出救助
鳥居,とりい,ツ鳥居,一鳥居,両部鳥居,二鳥居,千本鳥居
戦術,せんじゅつ,ゲリラ戦術,サッカー戦術,チーム戦術,人海戦術,個人戦術
安価,あんか,一番安価,安価つけ,安価スレ,安価ミ,安価ミス
友情,ゆうじょう,厚い友情,友情タッグ,友情パワー,友情以上,友情出演
絶品,ぜっぴん,作る絶品,絶品だれ,絶品カレー,絶品グルメ,絶品コスメ
労務,ろうむ,人事労務,保険労務,労務コンサルタント,労務コンサルティング,労務コンプライアンス
中毒,ちゅうどく,アヘン中毒,アルコール中毒,インターネット中毒,カフェイン中毒,ガス中毒
接する,せっする,初めて接する,接するうち,接するたび,接するとき,接するところ
余地,よち,上値余地,下げ余地,下値余地,争う余地,余地アリ
根性,こんじょう,ガキ根性,スケベ根性,スポーツ根性,プロ根性,ミーハー根性
複写,ふくしゃ,カラー複写,デジタル複写,写真複写,無断複写,複写サービス
日刊,にっかん,ウェブ日刊,付日刊,大阪日刊,店日刊,日刊アジア
燃費,ねんぴ,カタログ燃費,ミニバン燃費,モード燃費,一番燃費,実用燃費
準用,じゅんよう,準用河川,準用規定,準用する令,準用する会社,準用する前条
統制,とうせい,メディア統制,中央統制,予算統制,作戦統制,価格統制
責め,せめ,アナル責め,クリ責め,バイブ責め,マ責め,乳首責め
動脈,どうみゃく,中心動脈,主幹動脈,交通動脈,動脈りゅう,動脈カテーテル
所在,しょざい,以上所在,区所在,土地所在,基地所在,市所在
情けない,なさけない,何とも情けない,全く情けない,実に情けない,少々情けない,少し情けない
間接,かんせつ,一間接,二間接,型間接,大型間接,球体間接
特製,とくせい,シェフ特製,パティシエ特製,ホテル特製,入り特製,家特製
代謝,たいしゃ,アミノ酸代謝,アルコール代謝,エネルギー代謝,カルシウム代謝,コレステロール代謝
絶景,ぜっけい,ホテル絶景,世界絶景,広がる絶景,望む絶景,望める絶景
基調,きちょう,デフレ基調,上げ基調,上り基調,下げ基調,下落基調
防水,ぼうすい,アスファルト防水,ウレタン防水,シート防水,ベランダ防水,冷蔵庫防水
木製,もくせい,オリジナル木製,ニトリ木製,古い木製,大きな木製,天然木製
移民,いみん,アイルランド移民,アメリカ移民,イタリア移民,カナダ移民,ドミニカ移民
構図,こうず,同じ構図,基本構図,対決構図,対立構図,日の丸構図
採点,さいてん,クチコミ採点,マイカー採点,厳しく採点,平均採点,採点システム
許す,ゆるす,全く許す,当然許す,断じて許す,本当に許す,決して許す
急性,きゅうせい,型急性,小児急性,急性アルコール,急性アル中,急性ストレス
雑記,ざっき,その他雑記,インターネット雑記,作雑記,史雑記,政策雑記
運輸,うんゆ,中国運輸,中部運輸,九州運輸,交通運輸,交通省運輸
教職員,きょうしょくいん,全国教職員,全日本教職員,北海道教職員,大学教職員,女性教職員
制約,せいやく,キー制約,一部制約,予算制約,何らかの制約,制約上
外資,がいし,ハゲタカ外資,ユダヤ外資,一部外資,外資コン,外資ファンド
本堂,ほんどう,善光寺本堂,大きな本堂,寺本堂,寺院本堂,本堂内
航海,こうかい,エンリケ航海,マンボウ航海,一航海,一周航海,一等航海
経つ,たつ,あっという間に経つ,もう少し経つ,余り経つ,大分経つ,少し経つ
保安,ほあん,かん養保安,ガス保安,二保安,人民保安,係る保安
公布,こうふ,令公布,公布後,公布政令,公布時,公布法律
弁護,べんご,主任弁護,事件弁護,側弁護,全国弁護,公的弁護
短編,たんぺん,オリジナル短編,初期短編,同名短編,国際短編,文庫短編
単価,たんか,キロ単価,クリック単価,労務単価,単価アップ,単価下落
有価,ゆうか,その他有価,上場有価,代用有価,係る有価,保有有価
留意,りゅうい,その他留意,上留意,係る留意,十分留意,留意いただき
炭素,たんそ,一酸化炭素,塩化炭素,性炭素,有機炭素,東洋炭素
提起,ていき,問題提起,提起前,提起後,提起期間,行動提起
低減,ていげん,ガス低減,コスト低減,ノイズ低減,リスク低減,以上低減
税制,ぜいせい,エンジェル税制,グリーン税制,タックスヘイブン税制,不公平税制,不動産税制
油断,ゆだん,油断出来,油断禁物,油断しがち,油断するところ,完全に油断
前述,ぜんじゅつ,前述通り,前述するとおり,前述する通り,前述のとおり,前述の二
解禁,かいきん,アユ解禁,ネット解禁,バナ解禁,バレ解禁,ペイオフ解禁
税務,ぜいむ,会計税務,係る税務,各種税務,国家税務,国際税務
述べる,のべる,再三述べる,少し述べる,後で述べる,改めて述べる,次に述べる
悪質,あくしつ,一番悪質,悪質さ,悪質クレーマー,悪質サイト,悪質リフォーム
漁師,りょうし,ベテラン漁師,マグロ漁師,地元漁師,川漁師,日本人漁師
炭酸,たんさん,スキ炭酸,ダイエット炭酸,ナトリウム炭酸,入り炭酸,天然炭酸
先程,さきほど,先程お話,先程メール,先程帰宅,先程来,先程無事
公益,こうえき,その他公益,公共公益,公益上,公益事業,公益会
告発,こくはつ,内部告発,告発サイト,告発事件,告発内容,告発文
先制,せんせい,先制ゴール,先制ソロ,先制タイムリー,先制トライ,先制パンチ
許容,きょよう,ギリギリ許容,リスク許容,上許容,十分許容,最大許容
現に,げんに,現にある,現にいる,現に受ける,現に存する,現に有する
体型,たいけい,スリム体型,メタボ体型,モデル体型,ロリ体型,一体型
会費,かいひ,ヶ月会費,交流会費,以上会費,会会費,会員会費
残留,ざんりゅう,サハリン残留,リーグ残留,一部残留,不法残留,中国残留
肥満,ひまん,ダイエット肥満,内臓肥満,型肥満,小児肥満,性肥満
燃える,もえる,燃えかす,燃えカス,燃えゲー,燃えドラ,燃えプロ
招く,まねく,招きさ,招きよせ,招きネコ,招き浴衣,招き講演
順序,じゅんじょ,並び順序,優先順序,同じ順序,定める順序,実行順序
増す,ます,一層増す,一段と増す,増すかも,増すごと,増すなか
安易,あんい,安易さ,安易すぎ,安易過ぎ,安易にクリック,安易に他人
新興,しんこう,アジア新興,新興キネマ,新興メーカー,新興不動産,新興住宅
絶好,ぜっこう,働く絶好,出来る絶好,広がる絶好,探せる絶好,望む絶好
急増,きゅうぞう,アクセス急増,トラブル急増,ファン急増,人口急増,以降急増
同情,どうじょう,同情出来,同情心,同情的,同情票,同情論
基板,きばん,ガラス基板,ゲーム基板,サファイア基板,シリコン基板,セラミック基板
改築,かいちく,中学校改築,全面改築,場改築,増改築,増築改築
造形,ぞうけい,ガラス造形,キャラ造形,キャラクター造形,京都造形,人物造形
迷う,まよう,大いに迷う,少々迷う,少し迷う,未だに迷う,本当に迷う
導く,みちびく,導きたまえ,導き入れ,導き手,導き親,導くお手伝い
雑草,ざっそう,多年生雑草,小さな雑草,広葉雑草,性雑草,果物雑草
任命,にんめい,任命制,任命同意,任命式,任命後,任命書
本能,ほんのう,保存本能,帰巣本能,性本能,本能みたい,本能むき出し
引っ張り,ひっぱり,アルバムを引っ張り出す,写真を引っ張り出す,本を引っ張り出す,足を引っ張り合う
暴行,ぼうこう,中学生暴行,公務員暴行,力士暴行,女性暴行,婦女暴行
領土,りょうど,中国領土,固有領土,我が領土,日本領土,海外領土
効能,こうのう,効果効能,効能別,効能効果,効能実証,効能書き
上演,じょうえん,オペラ上演,上演中,上演予定,上演会,上演作品
仏像,ぶつぞう,仏像その他,仏像たち,仏像ガール,仏像ブーム,仏像マニア
増税,ぞうぜい,サラリーマン増税,タバコ増税,円増税,増税ストップ,増税分
設ける,もうける,設けるとき,設けるほか,設ける予定,設ける場合,設ける必要
税率,ぜいりつ,ゼロ税率,低い税率,制限税率,同じ税率,基本税率
書評,しょひょう,ビジネス書評,人気書評,広告書評,新聞書評,書評コーナー
初版,しょはん,付初版,付き初版,初版カバ,初版カバー,初版ヤケ
低迷,ていめい,人気低迷,低迷ぶり,低迷下,低迷中,低迷時
快感,かいかん,出る快感,大きな快感,強い快感,快感フレーズ,快感原則
自在,じざい,アレンジ自在,カスタム自在,世自在,動自在,回転自在
可決,かけつ,会可決,修正可決,原案可決,可決後,可決成立
和解,わかい,係る和解,勝利和解,南北和解,和解内容,和解協議
元祖,がんそ,元祖たこ,元祖つけ,元祖でぶ,元祖にんにく,元祖みたい
物価,ぶっか,国内物価,小売物価,建設物価,物価スライド,物価下落
告げる,つげる,告げるとき,告げるアナウンス,告げるインターネット,告げるシーン,告げるチャイム
自衛,じえい,予備自衛,反戦自衛,女性自衛,婦人自衛,幹部自衛
性的,せいてき,性的いじめ,性的いたずら,性的エネルギー,性的サービス,性的マイノリティ
材質,ざいしつ,同じ材質,本体材質,材質ステンレス,材質ナイロン,材質ポリエステル
居心地,いごこち,一番居心地,住み居心地,大変居心地,居心地屋,居心地悪
貸し出し,かしだし,全部貸し出し,冊貸し出し,制服貸し出し,向け貸し出し,図書貸し出し
任期,にんき,任期いっぱい,任期つき,任期中,任期付,任期付き
精進,しょうじん,努力精進,日々精進,目指し精進,精進ヶ,精進中
製薬,せいやく,アステラス製薬,サティス製薬,サトウ製薬,ワキ製薬,ワダカルシウム製薬
応える,こたえる,応えさ,応えるかたち,応えるサービス,応える体制,応える努力
編み,あみ,アフガン編み,三編み,丸編み,強圧編み,細編み
武力,ぶりょく,イラク武力,人民武力,古い武力,武力まがい,武力制圧
粉末,ふんまつ,かつお節粉末,アルミニウム粉末,ウコン粉末,エキス粉末,チタン粉末
犯行,はんこう,内部犯行,単独犯行,本件犯行,犯行グループ,犯行予告
因子,いんし,ストレス因子,リウマチ因子,リウマトイド因子,リスク因子,予後因子
住職,じゅうしょく,世住職,中野住職,住職さま,住職さん,住職ら
増進,ぞうしん,体力増進,保持増進,健康増進,公益増進,利便増進
移設,いせつ,エアコン移設,グアム移設,国外移設,基地移設,外移設
構内,こうない,北大構内,地下鉄構内,大学構内,工場構内,広い構内
倍率,ばいりつ,ズーム倍率,ファインダー倍率,フロー倍率,ポイント倍率,信用倍率
明示,めいじ,出典明示,明示型,明示書,明示的,明示義務
賞品,しょうひん,グルメ賞品,コンペ賞品,プレゼント賞品,優勝賞品,入賞賞品
減額,げんがく,ボーナス減額,円減額,割減額,増減額,大きく減額
快晴,かいせい,天気快晴,快晴堂,快晴時,快晴無風,本日快晴
張る,はる,一応張る,少し張る,張っとき,張りさ,張るつもり
判る,わかる,何だか判る,何となく判る,全く判る,全然判る,判り易
護衛,ごえい,イージス護衛,ミサイル護衛,型護衛,海上護衛,皇宮護衛
効力,こうりょく,効力停止,効力感,効力発生,同じ効力,法的効力
余談,よだん,余談が長い,余談はさておく,最後に余談
接待,せったい,ゴルフ接待,デート接待,パーティ接待,供応接待,個室接待
音質,おんしつ,最高音質,画質音質,素晴らしい音質,良い音質,音質アップ
実情,じつじょう,実情データ,実情調査,社会実情,中国の実情,会社の実情
総研,そうけん,アキバ総研,イー総研,エンビズ総研,オージス総研,キメラ総研
人件,じんけん,人件費,係る人件,公務員人件,安い人件,総額人件
過失,かしつ,上過失,故意過失,的過失,運転過失,過失傷害
救出,きゅうしゅつ,データ救出,ヤゴ救出,人質救出,全員救出,復旧救出
特設,とくせつ,公園特設,場特設,広場特設,特設カウンター,特設コース
定価,ていか,付定価,完全定価,定価ベース,定価以上,定価以下
移り,うつり,心移り,時移り,移りかわり,移り変り,移り行き
発現,はつげん,タンパク質発現,体発現,作用発現,副作用発現,効果発現
気の毒,きのどく,一番気の毒,大変気の毒,気の毒さ,気の毒さま,気の毒すぎ
画質,がしつ,ハイビジョン画質,写真画質,最高画質,標準画質,画質モード
保留,ほりゅう,一時保留,保留ランプ,保留中,保留先読み,保留地
断然,だんぜん,断然いう,断然うまい,断然おいしい,断然おもしろい,断然かっこいい
率いる,ひきいる,率いるアメリカ,率いるイギリス,率いるグループ,率いるチーム,率いるドイツ
独り,ひとり,独りきり,独りごと,独り住まい,独り勝ち,独り居
前条,ぜんじょう,一前条,三前条,二前条,係る前条,四前条
解る,わかる,何だか解る,何となく解る,全く解る,全然解る,初めて解る
理性,りせい,人間理性,国家理性,理性主義,理性批判,理性的
功績,こうせき,功績大,功績賞,大きな功績,的功績,素晴らしい功績
製法,せいほう,ドイツ製法,ドライ製法,プロセス製法,伝わる製法,伝統製法
物資,ぶっし,ララ物資,大学生物資,必要物資,戦略物資,消費物資
可愛らしい,かわいらしい,何とも可愛らしい,可愛らしさ,可愛らしすぎ,可愛らしいところ,可愛らしいアイルー
証人,しょうにん,側証人,国会証人,情状証人,生き証人,証人たち
心境,しんきょう,同じ心境,心境告白,心境小説,心境的,言う心境
賞金,しょうきん,ツアー賞金,優勝賞金,収得賞金,年間賞金,最年少賞金
史料,しりょう,中世史料,原史料,史史料,史料ネット,史料上
仮定,かてい,仮定形,仮定条件,仮定法,仮定的,仮定給料
原価,げんか,ホテル原価,仕入れ原価,個別原価,原価主義,原価低減
伝授,でんじゅ,ノウハウ伝授,レイキ伝授,伝授手,古今伝授,完全伝授
均一,きんいつ,全国均一,円均一,均一さ,均一コーナー,均一ショップ
測量,そくりょう,レーザー測量,三角測量,全国測量,公共測量,写真測量
転移,てんい,ガラス転移,リンパ転移,伝導転移,体転移,全身転移
香具師,やし,使う香具師,強い香具師,思う香具師,悪い香具師,無い香具師
素子,そし,アンテナ素子,エレクトロニクス素子,コンデンサ素子,スイッチ素子,スイッチング素子
気圧,きあつ,一気圧,万気圧,中心気圧,冬型気圧,外気圧
余分,よぶん,円余分,中の余分,以外の余分,体の余分,体内の余分
夢見,ゆめみ,夢見がち,夢見ごこち,夢見さん,夢見すぎ,夢見ヶ
日報,にっぽう,シロクマ日報,世界日報,中外日報,作業日報,八重山日報
在学,ざいがく,中学在学,中学校在学,以上在学,在学中,在学年数
価額,かがく,下回る価額,交付価額,低い価額,価額以上,価額修正
河原,かわら,ストリーム河原,三条河原,四条河原,安河原,広い河原
長編,ちょうへん,処女長編,劇場長編,新作長編,書き下ろし長編,書下ろし長編
支社,ししゃ,中国支社,中部支社,九州支社,京都支社,八王子支社
力士,りきし,モンゴル力士,上位力士,人気力士,優勝力士,出身力士
有志,ゆうし,サポーター有志,メンバー有志,中村有志,会有志,会員有志
市政,しせい,トップページ市政,中田市政,京都市政,名古屋市政,大阪市政
色素,しきそ,アントシアニン色素,カラメル色素,カロチノイド色素,カロチン色素,クチナシ色素
留守,るす,留守がち,留守中,留守宅,留守家庭,留守家族
断面,だんめん,トンネル断面,一断面,側断面,円形断面,地質断面
貸付,かしつけ,ネット貸付,不動産貸付,住宅貸付,係る貸付,利子貸付
提唱,ていしょう,市提唱,モデルを提唱,主義を提唱,仮説を提唱,先生の提唱
在る,ある,共に在る,在り処,在り様,在るとき,在るところ
団長,だんちょう,サーカス団長,原告団長,団団長,団長さん,団長ら
増強,ぞうきょう,システム増強,人員増強,会員増強,体力増強,作用増強
質感,しつかん,優しい質感,持つ質感,美しい質感,質感表現,質感豊か
事象,じしょう,事象そのもの,事象発生,事象関連,同じ事象,差別事象
判例,はんれい,入門判例,判例まんが,判例タイムス,判例タイムズ,判例データベース
告示,こくじ,交通省告示,会告示,内務省告示,内閣告示,労働省告示
興行,こうぎょう,プロ興行,プロレス興行,世界興行,全米興行,地方興行
仮説,かせつ,ガイア仮説,仮説力,仮説実験,仮説思考,仮説検定
駅舎,えきしゃ,上駅舎,丸の内駅舎,古い駅舎,小さな駅舎,新しい駅舎
鉱山,こうざん,ウラン鉱山,ダイヤモンド鉱山,チリ鉱山,ニッケル鉱山,住友鉱山
現物,げんぶつ,商品現物,建て現物,現地現物,現物価格,現物写真
断言,だんげん,断言ソフトバンク,断言出来,断言はする,断言はできる,私は断言
態勢,たいせい,コンプライアンス態勢,サポート態勢,チェック態勢,出動態勢,初動態勢
編入,へんにゅう,プロ編入,分割編入,大学編入,学士編入,市編入
格別,かくべつ,格別なる,レースの格別,格別のお引き立て,格別の味,格別の味わい
税額,ぜいがく,不足税額,事業税額,交付税額,付き税額,住民税額
税法,ぜいほう,交付税法,印紙税法,地価税法,地方税法,所得税法
心情,しんじょう,心情的,心情表現,愛する心情,的心情,キャラの心情
証書,しょうしょ,保管証書,保証証書,保険証書,借用証書,公正証書
協賛,きょうさん,びわ湖協賛,カード協賛,メーカー協賛,事業協賛,会協賛
作製,さくせい,カギ作製,デバイス作製,ブック作製,マップ作製,作製プロセス
委任,いにん,事務委任,全権委任,受領委任,委任事務,委任法
法務,ほうむ,ビジネス法務,予防法務,会社法務,会計法務,労働法務
復習,ふくしゅう,予復習,予習復習,復習テスト,復習ノート,復習中
健在,けんざい,健在ぶり,健在のとき
採集,さいしゅう,アイテム採集,クワガタ採集,モノ採集,化石採集,採集ポイント
選任,せんにん,代理人選任,員選任,委員選任,役選任,役員選任
備える,そなえる,備えあれ,備えるほか,備えるリフォーム,備える保険,備える場合
倍増,ばいぞう,ポイント倍増,メモリ倍増,倍増作戦,倍増計画,利益倍増
元素,げんそ,ウラン元素,ハロゲン元素,不純物元素,五元素,五大元素
団結,だんけつ,団結まつり,団結力,団結小屋,団結式,団結心
増設,ぞうせつ,コンセント増設,メモリ増設,メモリー増設,ライン増設,原発増設
損益,そんえき,係る損益,前期損益,営業損益,売買損益,変動損益
無能,むのう,人工無能,無知無能,無策無能,無能さ,無能すぎ
貧しい,まずしい,最も貧しい,本当に貧しい,特に貧しい,貧しさ,貧しいまま
行程,こうてい,ツアー行程,一行程,作業行程,同じ行程,圧縮行程
起因,きいん,大きく起因,放射線起因,業務起因,起因性,起因するお客様
散布,さんぷ,予防散布,全面散布,大量散布,散布中,散布作業
精力,せいりょく,漢方精力,用精力,精力アップ,精力善用,精力回復
判別,はんべつ,セグ判別,判別つき,判別不可能,判別不能,判別出来
均等,きんとう,元利均等,元金均等,均等分割,均等割,均等割り
減量,げんりょう,キロ減量,ゴミ減量,スピード減量,ダイエット減量,人気減量
義理,ぎり,義理チョコ,義理両親,義理人情,義理兄,義理妹
知能,ちのう,人口知能,人工知能,性知能,的知能,知能システム
後編,こうへん,インタビュー後編,カンタービレ後編,前編後編,後編スペシャル,楽章後編
前編,ぜんぺん,前編スタンダード,前編後編,旅前編,楽章前編,編前編
武道,ぶどう,一武道,伝統武道,国際武道,市武道,日本武道
受容,じゅよう,アセチルコリン受容,アドレナリン受容,インク受容,インスリン受容,エストロゲン受容
航路,こうろ,インド航路,コンテナ航路,ハワイ航路,フェリー航路,上海航路
観賞,かんしょう,オーロラ観賞,テレビ観賞,ビデオ観賞,ホタル観賞,名月観賞
開講,かいこう,クラス開講,コース開講,スクール開講,ツアー開講,レッスン開講
点在,てんざい,多く点在,多数点在,数多く点在,点在する地域,点在する島々
教団,きょうだん,オウム教団,カルト教団,キリスト教団,ホーリネス教団,仏教教団
精算,せいさん,レジ精算,実費精算,当日精算,料金精算,旅費精算
定評,ていひょう,ディフェンスに定評,力に定評,味に定評,品質に定評,定評をいただく
特技,とくぎ,系特技,特技の一つ,特技を持つ,特技を活かす,特技を生かす
故意,こい,故意性,故意犯,故意的,故意落球,故意過失
正統,せいとう,南朝正統,正統カリフ,正統主義,正統伝承,正統性
演歌,えんか,イベスタ演歌,女性演歌,歌う演歌,演歌まつり,演歌みたい
法規,ほうき,一法規,中央法規,交戦法規,交通法規,会計法規
団員,だんいん,団員さん,団員たち,団員ら,団員一同,団員全員
悪夢,あくむ,悪夢以外,悪夢再来,悪夢的,見る悪夢,ソロモンの悪夢
総長,そうちょう,センター総長,一家総長,事務総長,京大総長,会総長
同志,どうし,人間同志,仲間同志,会員同志,友達同志,同志たち
鉱物,こうぶつ,地質鉱物,塩鉱物,天然鉱物,岩鉱物,岩石鉱物
在来,ざいらい,並行在来,在来仏教,在来作物,在来品種,在来型
資質,ししつ,的資質,資質向上,資質的,資質能力,高い資質
応対,おうたい,クレーム応対,ディレクター応対,応対コンクール,応対品質,応対時間
一眼,ひとめ,一眼カメラ,一眼デジ,一眼デジカメ,一眼レフ,一眼レフデジカメ
術後,じゅつご,乳がん術後,白内障術後,術後ケア,術後再発,術後出血
営む,いとなむ,営むうえ,営むかたわら,営む上,営む不動産,営む両親
実演,じつえん,制作実演,実演コーナー,実演中,実演会,実演家
無罪,むざい,事件無罪,全員無罪,全面無罪,完全無罪,愛国無罪
軽快,けいかい,明るく軽快,軽快さ,軽快感,軽快気動車,軽快車
情景,じょうけい,情景的,的情景,美しい情景,鉄道情景,中の情景
宿舎,しゅくしゃ,公共宿舎,公務員宿舎,合同宿舎,員宿舎,国民宿舎
慣れる,なれる,ある程度慣れる,いい加減慣れる,もう少し慣れる,全く慣れる,全然慣れる
人妻,ひとづま,セフレ人妻,不良人妻,人妻さん,人妻たち,人妻サイト
公務,こうむ,不完全公務,公務上,公務中,公務以外,公務使用
高圧,こうあつ,特別高圧,特定高圧,用高圧,高圧ガス,高圧ケーブル
質量,しつりょう,イオン質量,クロマトグラフ質量,加速器質量,単位質量,同じ質量
入団,にゅうだん,テスト入団,ロッテ入団,体験入団,入団テスト,入団以来
貸出,かしだし,ベビーカー貸出,向け貸出,団体貸出,図書貸出,外貸出
国防,こくぼう,アメリカ国防,イスラエル国防,ゲーツ国防,ドイツ国防,ラムズフェルド国防
素顔,すがお,素顔ブログ,スターの素顔,トップの素顔,プロの素顔,ポップの素顔
率直,そっちょく,率直さ,今の率直,率直に反省,率直に意見,率直に感じ
義母,ぎぼ,義母さま,義母さん,義母上,義母宅,義母様
造成,ぞうせい,ツアー造成,住宅造成,公園造成,商品造成,団地造成
知性,ちせい,人間知性,内外知性,深い知性,的知性,知性主義
不備,ふび,不備だらけ,不備問題,住所不備,書類不備,理由不備
多額,たがく,多額所得,多額納税,毎年多額,多額のお金,多額のコスト
牧師,ぼくし,キング牧師,ライフ牧師,主任牧師,教会牧師,極道牧師
法制,ほうせい,会法制,会社法制,保護法制,内閣法制,労働法制
因果,いんが,因果性,因果法則,因果玉,因果的,因果経
有益,ゆうえき,その他有益,上有益,大変有益,延びる有益,有益性
昼過ぎ,ひるすぎ,今日昼過ぎ,今日の昼過ぎ,平日の昼過ぎ,明日の昼過ぎ,昨日の昼過ぎ
人質,ひとじち,イラク人質,人質たち,人質事件,人質作戦,人質全員
常任,じょうにん,中央常任,会常任,会議常任,党常任,協会常任
接点,せってん,リレー接点,接点不良,接点信号,接点入力,接点出力
混ぜる,まぜる,よーく混ぜる,少々混ぜる,少し混ぜる,時々混ぜる,混ぜごはん
役職,やくしょく,役職停止,役職別,役職加算,役職名,役職員
評議,ひょうぎ,ジェダイ評議,ボクシング評議,会評議,協会評議,問題評議
版画,はんが,アダチ版画,オリジナル版画,スクリーン版画,ブリューゲル版画,創作版画
毛布,もうふ,アクリル毛布,シルク毛布,ファイバー毛布,マイヤー毛布,合わせ毛布
現職,げんしょく,民主現職,民主党現職,無所属現職,現職中,現職候補
安保,あんぽ,エネ安保,エネルギー安保,国家安保,国連安保,外交安保
技師,ぎし,エックス線技師,ボイラー技師,レントゲン技師,主任技師,八田技師
貸家,かしや,アパート貸家,マンション貸家,一戸建て貸家,建貸家,貸家マン
大河,たいが,大河くん,大河さん,大河ドラマ,大河ロマン,大河元気
経年,けいねん,カバー経年,並経年,付経年,初版経年,小口経年
移る,うつる,次に移る,移るとき,移るところ,移るわけ,移る予定
対比,たいひ,前年対比,前年度対比,対比効果,対比表,昨年対比
編曲,へんきょく,ピアノ編曲,作編曲,作曲編曲,用編曲,編曲作品
支所,ししょ,中央支所,北陸支所,十王支所,南支所,南部支所
停電,ていでん,一時停電,停電中,停電事故,停電対策,停電後
保温,ほおん,保冷保温,保温インナー,保温カバー,保温シート,保温ジャー
時価,じか,上場時価,全面時価,基づく時価,時価ベース,時価主義
朝刊,ちょうかん,アーリーバード朝刊,付朝刊,付け朝刊,北海道新聞朝刊,各紙朝刊
混入,こんにゅう,ウイルス混入,メラミン混入,不純物混入,毒物混入,混入けい
公営,こうえい,パチンコ公営,公営ギャンブル,公営バス,公営プール,公営事業
接合,せつごう,ジョセフソン接合,テロ接合,トンネル接合,ヘテロ接合,ホモ接合
減税,げんぜい,エコ減税,カー減税,リフォーム減税,ローン減税,住宅減税
造る,つくる,造るとき,造るワイン,造る予定,造る会,造る側
理容,りよう,全国理容,室理容,市理容,理容室,理容師
格子,こうし,人工格子,千本格子,千鳥格子,単位格子,回折格子
支度,したく,ご飯支度,冬支度,出かける支度,夏支度,就職支度
間際,まぎわ,ラスト間際,出かける間際,出る間際,出発間際,卒業間際
演算,えんざん,シフト演算,ビット演算,ベクトル演算,中央演算,代入演算
相応しい,ふさわしい,最も相応しい,相応しい世界,相応しい人物,相応しい人間,相応しい作品
過度,かど,過度期,過度経済,過度に強調,過度に心配,過度に期待
迷子,まいご,時迷子,迷子さん,迷子ちゃん,迷子センター,迷子メール
図解,ずかい,イラスト図解,カラー図解,ビジュアル図解,ピクト図解,ポケット図解
最寄り,もより,最寄りインター,最寄りインターチェンジ,最寄りバス停,最寄り交通,最寄り停留所
加護,かご,位加護,加護さん,加護ちゃん,加護ヲタ,加護野
過ごせる,すごせる,良く過ごせる,過ごせるところ,過ごせるはず,過ごせるアイテム,過ごせるホテル
採り,とり,キノコ採り,クワガタ採り,タケノコ採り,ワラビ採り,山採り
挙句,あげく,挙句のはて,挙句の果て
故人,こじん,故人様,故人となる,故人の供養,故人の写真,故人の名前
常温,じょうおん,常温下,常温便,常温保存,常温保管,常温原材料
差額,さがく,フライト差額,ホテル差額,収支差額,差額ベット,差額ベッド
総数,そうすう,アクセス総数,会員総数,参加総数,員総数,学生総数
塩素,えんそ,塩素イオン,塩素ガス,塩素処理,塩素化合,塩素原子
白河,はくが,コテージ白河,市白河,東北自動車道白河,白河いわき,白河こ
重厚,じゅうこう,重厚さ,重厚感,重厚長,重厚長大,感と重厚
夕刊,ゆうかん,テレビ夕刊,付夕刊,付け夕刊,北海道新聞夕刊,夕刊キャッチ
参政,さんせい,参政員,参政権,国政参政,在日参政,地方参政
救命,きゅうめい,上級救命,小児救命,市民救命,式救命,救命いかだ
絶大,ぜつだい,インパクト絶大,人気絶大,効果絶大,絶大的,中心に絶大
武家,ぶけ,中世武家,武家さん,武家伝奏,武家住宅,武家地
運勢,うんせい,モダン運勢,良い運勢,運勢アップ,運勢ランキング,運勢判断
半減,はんげん,コスト半減,ダメージ半減,ボーナス半減,力半減,効果半減
幹線,かんせん,中和幹線,中央幹線,主要幹線,南幹線,号幹線
配備,はいび,ミサイル配備,全国配備,台配備,地上配備,基地配備
祖国,そこく,愛する祖国,我が祖国,早く祖国,祖国ポーランド,祖国平和
公示,こうじ,入札公示,公示データ,公示価格,公示制度,公示前
調停,ちょうてい,公害調停,家事調停,民事調停,特定調停,調停中
伝導,でんどう,イオン伝導,プロトン伝導,伝導コイル,伝導シート,伝導スピーカー
移す,うつす,移すとき,移す予定,移す作業,移す前,移す場合
応急,おうきゅう,事態応急,休日応急,応急仮設,応急修理,応急処理
都営,とえい,地下鉄都営,東京都営,線都営,都営アパート,都営バス
山脈,さんみゃく,アトラス山脈,アパラチア山脈,アペニン山脈,アルタイ山脈,ウラル山脈
国政,こくせい,区国政,国政レベル,国政上,国政協,国政参加
防火,ぼうか,住宅防火,女性防火,婦人防火,定める防火,文化財防火
静脈,じょうみゃく,上大静脈,下大静脈,中心静脈,性静脈,手のひら静脈
貧血,ひんけつ,性貧血,悪性貧血,病気貧血,貧血ぎみ,貧血予防
反則,はんそく,交通反則,反則スレスレ,反則勝ち,反則技,反則指示
体勢,たいせい,シュート体勢,低い体勢,体勢的,同じ体勢,応戦体勢
備品,びひん,その他備品,備品その他,備品セット,備品リスト,備品一覧
採算,さいさん,事業採算,十分採算,投資採算,採算ベース,採算ライン
格付け,かくづけ,ソブリン格付け,会社格付け,信用格付け,力格付け,株価格付け
公団,こうだん,住宅公団,公団住宅,公団側,公団公社,公団改革
織物,おりもの,パイル織物,伝統織物,手織物,木綿織物,染め織物
原型,げんけい,原型制作,原型師,原型機,原型留め,原型的
提灯,ちょうちん,ビニール提灯,入り提灯,大きな提灯,張り提灯,提灯まつり
体格,たいかく,体格付け,体格差,体格指数,体格的,同じ体格
人情,にんじょう,下町人情,人情ばなし,人情コメディ,人情ドラマ,人情モノ
精製,せいせい,ガス精製,日本石油精製,石油精製,精製プラント,精製会社
外務,がいむ,中国外務,外務事務,外務事務次官,外務公務員,外務員
可動,かどう,フル可動,上下可動,像可動,前記可動,可動ギミック
公判,こうはん,事件公判,公判中,公判供述,公判前,公判後
乗務,じょうむ,タクシー乗務,バス乗務,乗務中,乗務区,乗務員
採決,さいけつ,会採決,会議採決,単独採決,強行採決,採決前
一報,いっぽう,一報いただき,一報お願い,一報入れ,一報願い,一報をお願い
政界,せいかい,中央政界,政界インサイド,政界ルート,政界入り,政界再編
新婦,しんぷ,新婦さま,新婦さん,新婦側,新婦入場,新婦友人
雑学,ざつがく,クイズ雑学,健康雑学,図解雑学,大連雑学,歴史雑学
楽団,がくだん,夕焼け楽団,少年楽団,楽団さん,楽団シリーズ,楽団メンバー
任せる,まかせる,任せあれ,任せきり,任せっきり,任せっぱなし,任せとき
実技,じつぎ,体育実技,士実技,実技テスト,実技中心,実技体験
時効,じこう,取得時効,年金時効,時効中断,時効処理,時効分
失格,しっかく,ファン失格,プロ失格,人間失格,失格処分,失格基準
出費,しゅっぴ,大きな出費,手痛い出費,痛い出費,臨時出費,追加出費
寄り道,よりみち,寄り道スポット,寄り道バイク,寄り道ライフ,寄り道日記,前に寄り道
大師,だいし,一大師,三大師,修行大師,円光大師,善導大師
基点,きてん,基点とする,基点となる,観光の基点
読解,どっかい,全訳読解,力読解,古文読解,国語読解,型読解
史実,しじつ,史実どおり,史実上,史実性,史実武将,史実的
通告,つうこく,事前通告,反則通告,外通告,最後通告,最終通告
個数,こすう,使用個数,個数分,個数制限,個数限定,出品個数
断定,だんてい,断定出来,断定口調,断定的,断定調,事件と断定
運河,うんが,アラワイ運河,スエズ運河,パナマ運河,中川運河,二運河
地検,ちけん,中央地検,京都地検,千葉地検,名古屋地検,地検検事
基幹,きかん,その他基幹,向け基幹,国家基幹,地域基幹,基幹システム
断る,ことわる,一度断る,一応断る,予め断る,断るつもり,断るとき
確かめる,たしかめる,もう一度確かめる,確かめるすべ,確かめる実験,確かめる必要,確かめる意味
防具,ぼうぐ,最強防具,武器防具,用防具,防具つけ,防具セット
酸性,さんせい,強い酸性,海洋酸性,酸性イオン,酸性ガス,酸性タイプ
冷え性,ひえしょう,冷え性さん,冷え性女性,冷え性対策,冷え性改善,冷え性解消
墓参り,はかまいり,墓参り代行,墓参り用品,両親の墓参り,先祖の墓参り,墓参りのしかた
有罪,ゆうざい,付き有罪,推定有罪,有罪判決,有罪無罪,有罪率
精子,せいし,精子バンク,精子出し,精子君,精子幹,精子形成
貸借,たいしゃく,中間貸借,使用貸借,係る貸借,書貸借,消費貸借
配属,はいぞく,室配属,正式配属,部配属,配属予定,配属先
運航,うんこう,チャーター便運航,デイリー運航,フェリー運航,ヘリ運航,便運航
国営,こくえい,イタリア国営,イラン国営,フランス国営,ロシア国営,中国国営
眼差し,まなざし,優しい眼差し,冷たい眼差し,厳しい眼差し,強い眼差し,暖かい眼差し
志願,しがん,入り志願,入学志願,入試志願,女優志願,志願倍率
減速,げんそく,加速減速,成長減速,景気減速,歯車減速,減速中
暴言,ぼうげん,暴言アンチ,暴言連発,数々の暴言,暴力や暴言,暴言の数々
毒性,どくせい,光毒性,強毒性,強い毒性,心毒性,急性毒性
検事,けんじ,ゴドー検事,主任検事,地方検事,地検検事,女性検事
辞職,じしょく,全員辞職,市長辞職,的辞職,議員辞職,議長辞職
囲む,かこむ,囲むカウンター,囲む人々,囲む会,囲む山,囲む山々
圧勝,あっしょう,圧勝劇,民主圧勝,民主党圧勝,自民圧勝,自民党圧勝
迷宮,めいきゅう,京都迷宮,地下迷宮,海迷宮,絶対迷宮,草迷宮
公告,こうこく,係る公告,入札公告,全面公告,公告主,公告内容
会報,かいほう,クラブ会報,ファンクラブ会報,会会報,会報バックナンバー,会報ブログ
武術,ぶじゅつ,中国武術,伝統武術,古流武術,日本武術,暗黒武術
駅弁,えきべん,下位駅弁,人気駅弁,全国駅弁,名物駅弁,地方駅弁
造船,ぞうせん,ユニバーサル造船,中小造船,大宇造船,島造船,川崎造船
寄せる,よせる,寄せさ,寄せる人々,寄せる女性,寄せる思い,寄せる想い
労災,ろうさい,係る労災,労災事故,労災保険,労災年金,労災指定
経常,けいじょう,その他経常,今期経常,単独経常,年度経常,当たり経常
総勢,そうぜい,スタッフ総勢,名の総勢
大仏,だいぶつ,マガジン大仏,三大仏,兵庫大仏,大きな大仏,大仏さま
演目,えんもく,人気演目,同じ演目,演目一覧,演目名,演目解説
中略,ちゅうりゃく,
師事,しじ,年間師事,師事する後,両氏に師事,先生に師事,各氏に師事
寄る,よる,一度寄る,初めて寄る,寄りきり,寄りくだ,寄りそ
極限,きょくげん,中心極限,入り乱れる極限,放つ極限,極限下,極限値
求職,きゅうしょく,労働求職,情報求職,新規求職,有効求職,求人求職
寄生,きせい,寄生バチ,寄生中,寄生体,寄生先,寄生地主
損保,そんぽ,アニコム損保,イーデザイン損保,セコム損保,ソニー損保,ダイレクト損保
適性,てきせい,コース適性,ダート適性,人材適性,加工適性,印刷適性
肥大,ひだい,室肥大,心肥大,心臓肥大,性肥大,果実肥大
増額,ぞうがく,予算増額,以上増額,円増額,増額修正,増額分
独断,どくだん,市長独断,独断アート,独断場,独断専行,独断流
地価,ちか,交通省地価,住宅地価,公示地価,地価データ,地価下落
検知,けんち,アルコール検知,ウイルス検知,ガス検知,位置検知,動体検知
前衛,ぜんえい,前衛さん,前衛ジョブ,前衛俳句,前衛党,前衛後衛
混同,こんどう,公私混同,混同ブログ,誤認混同,混同しがち,両者を混同
中性,ちゅうせい,中性タイプ,中性付近,中性名詞,中性点,中性的
絶版,ぜっぱん,切絶版,現在絶版,絶版品,絶版文庫,絶版本
常務,じょうむ,センター常務,上席常務,会常務,全人代常務,協会常務
転居,てんきょ,届転居,年賀状転居,転居予定,転居先,転居前
人脈,じんみゃく,人脈づくり,人脈データベース,人脈作り,人脈力,人脈図
祖先,そせん,共通祖先,同じ祖先,祖先たち,祖先伝来,祖先供養
血統,けっとう,同じ血統,良血統,血統フェスティバル,血統主義,血統書
構える,かまえる,構えるマルエ,構える前,構える姿,構える必要,アトリエを構える
過ち,あやまち,同じ過ち,大きな過ち,己の過ち,度の過ち,故の過ち
解読,かいどく,ゲノム解読,サイン解読,古文書解読,字解読,完全解読
永住,えいじゅう,アメリカ永住,協定永住,日本永住,永住ビザ,永住地
条文,じょうぶん,参照条文,対照条文,憲法条文,条文ごと,条文データ
混在,こんざい,工混在,混在型,英語混在,複数混在,混在する住宅
直営,ちょくえい,ホテル直営,メーカー直営,会社直営,作者直営,問屋直営
修士,しゅうし,修士さん,修士以上,修士卒,修士号,修士学位
食中毒,しょくちゅうどく,ウイルス食中毒,カンピロバクター食中毒,サルモネラ食中毒,性食中毒,集団食中毒
断り,ことわり,一言断り,断り入れ,断り文句,断り書き,断り状
学費,がくひ,学費サポート,学費ローン,学費以外,学費値上げ,学費無料
責務,せきむ,大きな責務,守る責務,的責務,説明する責務,一切の責務
似合い,にあい,一番似合い,似合いのカップル,似合いもする
眼下,がんか,眼下に一望,眼下に太平洋,眼下に望み,眼下に海,眼下に見え
欠損,けっそん,一部欠損,不納欠損,個別欠損,元本欠損,処理欠損
謝る,あやまる,一応謝る,何で謝る,別に謝る,謝っとき,謝るつもり
適量,てきりょう,塩適量,方法適量,楽しく適量,適量とり,適量入れ
報復,ほうふく,テロ報復,報復テロ,報復人事,報復合戦,報復感情
絵師,えし,人気絵師,切り絵師,天才絵師,町絵師,神絵師
得する,とくする,チョット得する,得するショッピング,得するネット,得するマナー,得する不動産
新居,しんきょ,市新居,新居さん,新居宿,新居町,新居祝い
包囲,ほうい,中国包囲,信長包囲,包囲デモ,包囲下,包囲作戦
変容,へんよう,変容過程,大きく変容,大きな変容,意識変容,態度変容
信条,しんじょう,使徒信条,思想信条,政治信条,生活信条,的信条
暗示,あんじ,暗示効果,暗示性,暗示法,暗示的,自己暗示
暴落,ぼうらく,ドル暴落,価格暴落,暴落中,暴落前,暴落後
文脈,ぶんみゃく,同じ文脈,文脈上,文脈力,文脈的,文脈自由
自費,じひ,全額自費,場合自費,日本自費,自費出版,自費分
居間,いま,自宅居間,階居間,家の居間,居間のソファ,居間のソファー
資する,しする,資するところ,資する事業,資する各種,資する情報,資する技術
武者,むしゃ,グレ武者,坂東武者,戦国武者,武者さん,武者たち
師団,しだん,一師団,七師団,三師団,九師団,二師団
往来,おうらい,人物往来,人的往来,列車往来,古書往来,商売往来
応力,おうりょく,せん断応力,内部応力,初期応力,圧縮応力,垂直応力
氷河,ひょうが,アレッチ氷河,ディン氷河,周氷河,氷河さん,氷河上
暴動,ぼうどう,ウイグル暴動,ウルムチ暴動,チベット暴動,ラサ暴動,ロス暴動
中型,ちゅうがた,ドライバー中型,中型インコ,中型サイズ,中型タクシー,中型トラック
境地,きょうち,同じ境地,新しい境地,的境地,高い境地,仏の境地
常設,じょうせつ,博物館常設,常設ひととき,常設ギャラリー,常設コース,常設コーナー
設営,せつえい,テント設営,会場設営,設営中,設営作業,設営場所
心構え,こころがまえ,心構えまとめ,的心構え,サポの心構え,前の心構え,心構えと能力
開演,かいえん,時開演,開演ギリギリ,開演中,開演予定,開演前
件名,けんめい,メール件名,件名標目表,件名物件,件名番号,文書件名
関税,かんぜい,ダンピング関税,上限関税,係る関税,保護関税,号関税
枝豆,えだまめ,大豆枝豆,枝豆ご飯,枝豆さん,枝豆せんべい,枝豆入り
保養,ほよう,保険保養,保養センター,保養ランド,保養園,保養地
実費,じっぴ,お客様実費,作業実費,実費分,実費支給,実費相当
耕作,こうさく,山下耕作,山田耕作,島耕作,水田耕作,生田耕作
陽性,ようせい,インフルエンザ陽性,ウイルス陽性,グラム陽性,体陽性,反応陽性
営み,いとなみ,営みそのもの,的営み,人々の営み,人間の営み,人類の営み
戦犯,せんぱん,国際戦犯,戦犯たち,戦犯分,戦犯問題,戦犯容疑
実効,じっこう,実効レート,実効値,実効性,実効性能,実効支配
発刊,はっかん,号発刊,年発刊,最近発刊,月発刊,次回発刊
反復,はんぷく,反復シリーズ,反復作業,反復使用,反復処理,反復可能
常用,じょうよう,常用エレベーター,常用ディーゼル,常用ブザー,常用労働,常用圧力
フッ素,ふっそ,フッ素イオン,フッ素コーティング,フッ素コート,フッ素ゴム,フッ素ホワイトニング
電解,でんかい,アルカリ電解,アルミ電解,ゲル電解,中性電解,固体電解
対価,たいか,係る対価,労働対価,取得対価,対価性,対価関係
貯まる,たまる,万貯まる,結構貯まる,貯まるごと,貯まるカラメル,貯まるクラブネッツ
義父,ぎふ,義父さま,義父さん,義父上,義父様,義父母
精米,せいまい,コイン精米,店頭精米,用精米,米精米,精米器
近接,きんせつ,住近接,的近接,近接スイッチ,近接センサ,近接信管
教祖,きょうそ,オウム真理教教祖,カルト教祖,北教祖,天理教教祖,教教祖
河童,かっぱ,エロ河童,可愛い河童,河童さん,河童たち,河童伝説
仮設,かせつ,仮設スタンド,仮設ステージ,仮設テント,仮設トイレ,仮設ハウス
賞賛,しょうさん,氏賞賛,手放しで賞賛,本田を賞賛,氏も賞賛,素直に賞賛
病状,びょうじょう,病状報告,病状悪化,病状説明,終わり病状,医師の病状
準ずる,じゅんずる,準ずる世帯,準ずる場合,準ずる学校,準ずる教育,準ずる方法
国益,こくえき,国益上,国益保護,国益優先,国益派,国益追求
指圧,しあつ,サージ指圧,ツボ指圧,マッサージ指圧,指圧アロマテラピー,指圧マッサージ
増減,ぞうげん,人口増減,前期増減,四半期増減,増減情報,増減数
罪悪,ざいあく,罪悪感,罪悪視
造園,ぞうえん,和田造園,工事造園,市造園,日本造園,県造園
画素,がそ,万画素,有効画素,画素ごと,画素カメラ,画素クラス
移管,いかん,ドメイン移管,事業移管,全面移管,地方移管,業務移管
立証,りっしょう,主張立証,側立証,的立証,立証出来,立証活動
角質,かくしつ,古い角質,感角質,老化角質,裏角質,角質ケア
応じる,おうじる,応じそれぞれ,応じ合理,応じ対応,応じ当,応じ必要
業態,ぎょうたい,主力業態,小売業態,新しい業態,新規業態,業態別
上告,じょうこく,上告中,上告代理人,上告会社,上告受理,上告断念
移入,いにゅう,感情移入,移入出来,移入度,移入種,日本に移入
共益,きょうえき,共益費,円共益
制圧,せいあつ,ハンセン病制圧,制圧下,制圧作戦,制圧力,制圧後
支流,しりゅう,一支流,小さな支流,川支流,支流域,支流沿い
修得,しゅうとく,以上修得,修得単位,修得可能,修得度,修得後
解任,かいにん,ジーコ解任,氏解任,社長解任,解任劇,解任動議
分断,ぶんだん,分断作戦,分断国家,分断工作,分断後,分断統治
総体,そうたい,中学総体,佐賀総体,全国総体,地区総体,埼玉総体
品格,ひんかく,ハケンの品格,人間の品格,品格がない,品格を備える,品格を感じる
県政,けんせい,ホーム県政,兵庫県政,地域県政,村井県政,民主県政
招集,しょうしゅう,代表招集,会招集,会議招集,招集メンバー,招集命令
交易,こうえき,交易ルート,交易品,交易商,交易商人,交易地
容積,ようせき,処理容積,単位容積,室容積,容積比,容積率
航行,こうこう,向け航行,外洋航行,夜間航行,宇宙航行,安全航行
有能,ゆうのう,有能さ,有能宣言,有能感,的有能,多くの有能
国保,こくほ,医師国保,国保中央,国保事業,国保会計,国保保険
寄席,よせ,ニフティ寄席,出前寄席,名人寄席,地域寄席,学校寄席
気絶,きぜつ,気絶中,気絶値,気絶寸前,気絶状態,気絶する前
愛護,あいご,公園愛護,動物愛護,愛護センター,愛護デー,愛護フェスティバル
支柱,しちゅう,支える支柱,支柱付き,支柱立て,支柱部,支柱部分
受益,じゅえき,ファンド受益,下水道受益,事業受益,係る受益,受益国
政務,せいむ,労働政務,外務政務,大臣政務,山井政務,市議会政務
総統,そうとう,デスラー総統,ヒトラー総統,九総統,次期総統,総統候補
月経,げっけい,性月経,最終月経,月経不順,月経中,月経前
語句,ごく,入る語句,異なる語句,禁止語句,語句説明,重要語句
現像,げんぞう,カラー現像,フィルム現像,写真現像,成分現像,熱現像
病態,びょうたい,分子病態,病態モデル,病態別,病態学,病態形成
防音,ぼうおん,住宅防音,完全防音,用防音,防音カーテン,防音カーペット
支局,しきょく,ソウル支局,ニューヨーク支局,パリ支局,モスクワ支局,ワシントン支局
効用,こうよう,効果効用,効用最大,効用関数,期待効用,的効用
在留,ざいりゅう,不法在留,在留カード,在留中,在留外国,在留届
減価,げんか,係る減価,基づく減価,少額減価,減価率,減価する通貨
領主,りょうしゅ,国人領主,在地領主,地方領主,開発領主,領主たち
後任,こうにん,後任人事,後任候補,後任社長,会長の後任,先生の後任
平常,へいじょう,平常値,平常展,平常点,平常通り
比重,ひじゅう,同じ比重,大きな比重,比重リポ,比重差,比重計
在職,ざいしょく,以上在職,在職中,在職年,在職年数,在職年月
死因,しいん,死因不明,死因別,死因究明,日本人の死因,死因となる
精液,せいえき,熱い精液,白い精液,精液まみれ,精液中,精液検査
増築,ぞうちく,リフォーム増築,増築中,増築工事,増築後,増築改築
余程,よほど,余程いう,余程良い
慣習,かんしゅう,古い慣習,商慣習,国際慣習,悪しき慣習,慣習上
官能,かんのう,官能基,官能小説,官能性,官能昔話,官能検査
精通,せいつう,精通するガイド,精通するキャリア,精通するコンサルタント,精通するスタッフ,精通するプロ
旅費,りょひ,係る旅費,出張旅費,帰国旅費,往復旅費,旅費交通
防寒,ぼうかん,北海道防寒,完全防寒,用防寒,防寒グッズ,防寒コート
個所,かしょ,不良個所,修正個所,修理個所,個所付け,危険個所
良識,りょうしき,的良識,良識派,良識的,元気と良識,国民の良識
女史,じょし,ケラー女史,スーチー女史,チー女史,女史と張本,女史の講演
精油,せいゆ,アロマ精油,天然精油,植物精油,精油成分,精油所
競演,きょうえん,神楽競演,競演会,競演場,競演大会,親子競演
測る,はかる,測るとき,測るテスト,測るモノサシ,測る基準,測る場合
変質,へんしつ,変質作用,変質層,変質帯,変質的,大きく変質
電報,でんぽう,お祝い電報,ネット電報,バルーン電報,新しい電報,暗号電報
過大,かだい,過大広告,過大投資,過大申告,過大視,過大計上
ろ過,ろか,ろ過システム,ろ過バクテリア,ろ過フィルター,ろ過処理,ろ過器
炭鉱,たんこう,三池炭鉱,夕張炭鉱,太平洋炭鉱,池島炭鉱,炭鉱マン
築城,ちくじょう,城築城,大阪城築城,山城築城,湯築城,築城以来
夢見る,ゆめみる,夢見さ,夢見るあなた,夢見るイラストレーター,夢見るシャンソン,夢見る力
殺虫,さっちゅう,殺虫スプレー,殺虫効果,殺虫器,殺虫性,殺虫成分
先導,せんどう,住宅先導,先導モデル,先導事業,先導役,先導的
根幹,こんかん,根幹的,根幹部分,システムの根幹,ストーリーの根幹,主義の根幹
後述,こうじゅつ,後述参照,後述のとおり,後述の通り,理由は後述
格言,かくげん,名言格言,格言ことわざ,格言日記,格言通り,格言集
祖父母,そふぼ,祖父母たち,祖父母ら,祖父母世代,祖父母参観,祖父母宅
古河,ふるかわ,下総古河,古河さん,古河グループ,古河スカイ,古河公方
勝率,しょうりつ,勝率アップ,勝率チーム,勝率理論,最高勝率,複勝率
雑感,ざっかん,その他雑感,ドラマ雑感,日々雑感,日常雑感,的雑感
過労,かろう,医師過労,過労性,過労死,過労気味,過労状態
合弁,ごうべん,中国合弁,合弁事業,合弁会社,合弁工場,合弁生産
教義,きょうぎ,会教義,宗教教義,教義上,教義学,教義的
製本,せいほん,上製本,並製本,印刷製本,手製本,簡易製本
増資,ぞうし,修正増資,円増資,割り当て増資,割当増資,増資引き受け
布教,ふきょう,布教中,布教伝道,布教使,布教区,布教師
禁断,きんだん,ハーツ禁断,殺生禁断,生徒の禁断,男は禁断,禁断のゲーム
断固,だんこ,断固戦う,断固とする
不可解,ふかかい,不可解さ,起こる不可解,非常に不可解
賛美,さんび,天皇賛美,戦争賛美,特別賛美,賛美歌,賛美歌集
下限,かげん,上限下限,下限下限,下限価格,下限値,下限無し
税関,ぜいかん,中国税関,名古屋税関,地区税関,大阪税関,新潟税関
復刊,ふっかん,名著復刊,復刊お願い,復刊コメント,復刊ドット,復刊リクエスト
一句,いっく,一句目,今日の一句,最後の一句,気ままに一句
責める,せめる,責めさ,責めるつもり,責めるわけ,責める前,責める必要
演題,えんだい,会演題,演題ポスター,演題名,演題数,演題番号
貸す,かす,貸しきり,貸しコス,貸しコピー,貸し会議,貸し展示
銅像,どうぞう,公銅像,大きな銅像,銅像前,銅像建立,ハチ公の銅像
講堂,こうどう,共立講堂,大学講堂,安田講堂,小学校講堂,西部講堂
送検,そうけん,書類送検,送検容疑,送検する方針,地検に送検,容疑で送検
常備,じょうび,家庭常備,常備兵,常備券,常備品,常備在庫
迷路,めいろ,地下迷路,異国迷路,立体迷路,迷路みたい,迷路ゲーム
防護,ぼうご,化学防護,安全防護,感染防護,放射線防護,物質防護
災い,わざわい,大いなる災い,大きな災い,口は災い,災いのもと,災いの元
談義,だんぎ,カメラ談義,ゴルフ談義,サッカー談義,バイク談義,マンガ談義
財界,ざいかい,地元財界,政官財界,政界財界,日本財界,米財界
明快,めいかい,単純明快,明快さ,明快に答え,明快に解説,明快に説明
風格,ふうかく,堂々たる風格,伝統と風格,大人の風格,女優の風格,歴史と風格
金賞,きんしょう,コンクール金賞,モンドセレクション金賞,会金賞,全国金賞,大会金賞
貸金,かしきん,全国貸金,向け貸金,改正貸金,日本貸金,登録貸金
桜木,さくらぎ,区桜木,市桜木,桜木さん,桜木健一,桜木先生
迷走,めいそう,入札迷走,迷走っぷり,迷走ぶり,迷走中,迷走劇
雑音,ざつおん,位相雑音,対雑音,心雑音,性雑音,熱雑音
節句,せっく,三月節句,五月節句,節句五月,節句人形,節句命名
初演,しょえん,世界初演,初演以来,初演当時,初演後,初演時
独学,どくがく,独学合格,独学でやる,独学で勉強,独学で合格,独学で学ぶ
反逆,はんぎゃく,コードギアス反逆,反逆児,反逆同盟,反逆的,反逆罪
殺意,さつい,強い殺意,的殺意,赤い殺意,軽く殺意,愛と殺意
製鉄,せいてつ,タタラ製鉄,加古川製鉄,古代製鉄,名古屋製鉄,富士製鉄
総じて,そうじて,総じて良い,総じて言える,総じて高い
眼前,がんぜん,眼前に展開,眼前の光景,眼前の敵,私の眼前
全編,ぜんぺん,全編これ,全編ハイビジョン,全編フル,全編ロケ,全編無料
往生,おうじょう,土往生,往生伝,往生成仏,往生極楽,往生要
新旧,しんきゅう,三省堂新旧,新旧どちら,新旧両,新旧両方,新旧交代
農政,のうせい,九州農政,亡国農政,北海道農政,北陸農政,四国農政
素手,すで,素手感覚,武器や素手,素手でやる,素手で戦う
農耕,のうこう,焼畑農耕,農耕作業,農耕具,農耕地,農耕地帯
国税,こくぜい,係る国税,出入国税,国税不服,国税事務所,国税収入
士官,しかん,上級士官,予備士官,士官たち,士官候補,士官学校
移送,いそう,国外移送,移送サービス,移送中,移送先,移送手段
険しい,けわしい,結構険しい,険しさ,険しいところ,険しい地形,険しい場所
断絶,だんぜつ,お家断絶,国交断絶,家断絶,断絶さん,断絶後
快挙,かいきょ,快挙達成,的快挙,以来の快挙,位の快挙,優勝の快挙
人殺し,ひとごろし,人殺し人殺し,人殺しの物語,人殺しの道具,人殺しはいく,人殺しをする
新報,しんぽう,シルバー新報,中央新報,人事新報,住宅新報,創価新報
囲い,かこい,冬囲い,思考囲い,板囲い,石囲い,囲いの中
版元,はんもと,マップ版元,会員版元,版元さん,版元ドット,版元切れ
上述,じょうじゅつ,上述するとおり,上述する通り,上述のとおり,上述の問題,上述の理由
動態,どうたい,人口動態,体内動態,動態モデル,動態保存,動態学
検挙,けんきょ,検挙人員,検挙件数,検挙数,検挙率,犯検挙
布告,ふこく,太政官布告,宣戦布告,布告文,戦線布告,令を布告
仏具,ぶつぐ,その他仏具,京仏具,仏具その他,仏具ギャラリー,仏具セット
調製,ちょうせい,サイレージ調製,用調製,試料調製,調製作業,調製元
快勝,かいしょう,日本快勝,発快勝,デンマークに快勝,得点で快勝,快勝にセルジオ
居室,きょしつ,専用居室,居室ペア,居室内,居室利用,居室区分
職歴,しょくれき,学歴職歴,職歴書,職歴無し,学歴や職歴,書の職歴
類型,るいけい,一類型,三類型,世帯類型,人間類型,営農類型
打破,だは,マンネリ打破,現状打破,マンネリを打破,体制を打破,感を打破
国務,こくむ,アメリカ国務,アーミテージ国務,オルブライト国務,キャンベル国務,クリントン国務
見張り,みはり,見張り不十分,見張り台,見張り員,見張り小屋,見張り役
修道,しゅうどう,イエズス修道,カトリック修道,シオン修道,シスコ修道,パウロ修道
素質,そしつ,的素質,素質的,素質論,素質馬,天性の素質
旧道,きゅうどう,号旧道,旧道コース,旧道分岐,旧道区間,旧道沿い
貯める,ためる,コツコツ貯める,万貯める,貯めるお気に入り,貯めるショッピング,貯める方法
断食,だんじき,キャベツ断食,ダイエット断食,プチ断食,半日断食,断食セット
新版,しんばん,ソフト新版,増補新版,新版日本,新版歌祭文,ソフトの新版
横領,おうりょう,万横領,上横領,公金横領,円横領,年金横領
鉱石,こうせき,ウラン鉱石,ゲルマニウム鉱石,トルマリン鉱石,マカライト鉱石,マンガン鉱石
一因,いちいん,大きな一因,一因となる,一因とみる,一因と考え,一因をなす
能率,のうりつ,事務能率,作業能率,公務能率,加工能率,日本能率
得票,とくひょう,大量得票,得票同数,得票差,得票数,得票率
犯す,おかす,無理矢理犯す,犯しがち,犯すわけ,犯す人間,犯す前
貧弱,ひんじゃく,貧弱さ,貧弱すぎ,私の貧弱,貧弱に見え,非常に貧弱
図版,ずはん,カラー図版,写真図版,図版多数,写真と図版,写真や図版
具現,ぐげん,空想具現,イメージを具現,形で具現,理念を具現,理想を具現
利率,りりつ,上限利率,予定利率,低い利率,借入利率,利率変動
出航,しゅっこう,出航予定,出航前,出航後,出航所,出航時
物性,ぶっせい,光物性,力学物性,固体物性,新しい物性,材料物性
増量,ぞうりょう,キロ増量,ポイント増量,ルテイン増量,増量キャンペーン,増量サービス
受精,じゅせい,ヒト受精,人口受精,人工受精,体内受精,体外受精
率先,そっせん,率先実行,率先的,率先行動,自ら率先,自分から率先
仏法,ぶっぽう,下種仏法,仏法上,仏法守護,仏法真理,正しい仏法
手応え,てごたえ,トマト手応え,大きな手応え,手応え野菜,良い手応え,手応えがない
性器,せいき,不正性器,外性器,女性性器,性器クラミジア,性器ヘルペス
歴任,れきにん,歴任後,歴任する後,会長を歴任,員を歴任,大臣を歴任
役務,えきむ,人的役務,係る役務,役務利用,役務取引,役務商標
義歯,ぎし,アタッチメント義歯,プラント義歯,入れ歯義歯,義歯舌,義歯装着
領地,りょうち,領地争い,領地内,領地戦,大名の領地,家の領地
情け,なさけ,情け無用,情けは味方,情けをかける,武士の情け
士気,しき,士気低下,士気向上,士気差,最大士気,チームの士気
技量,ぎりょう,技量不足,技量向上,技量検定,技量的,授業技量
手造り,てづくり,全て手造り,完全手造り,手造りハム,手造りパン,手造りビール
内政,ないせい,内政上,内政値,内政問題,内政外交,内政改革
暴れる,あばれる,暴れさ,暴れっぷり,スレで暴れる,中で暴れる
食費,しょくひ,昼食費,食費節約,食費の節約,食費を節約
天災,てんさい,天災その他,天災事変,天災地変,天災は忘れる,障害や天災
教示,きょうし,教示いただき,教示お願い,教示願い,教示のほど,教示の程
総て,すべて,イヴの総て,総てを司る
成仏,じょうぶつ,一生成仏,女人成仏,往生成仏,成仏出来,成仏寺
長居,ながい,大阪長居,長居でき,長居スタジアム,長居店,長居植物
手技,しゅぎ,エステ手技,基本手技,外科手技,手技技術,手技料
羽織,はおり,夏羽織,絵羽織,羽織はかま,羽織姿,茶羽織
定型,ていけい,季定型,定型うつ病,定型句,定型外,定型性
絶句,ぜっく,七言絶句,五言絶句,ハプニングに絶句,私は絶句,私は絶句する
健常,けんじょう,健常児,健常成人,児と健常
輸血,ゆけつ,日本輸血,血輸血,血小板輸血,輸血パック,輸血副作用
増水,ぞうすい,増水中,増水後,増水時,増水期,増水気味
師走,しわす,師走冬子,年師走,師走となる,師走の候,師走の街
防備,ぼうび,完全防備,対馬防備,防備すぎ,防備マン,防備地域
講じる,こうじる,講じる場合,講じる必要,処置を講じる,対策は講じる,対策も講じる
成型,せいけい,セル成型,プラスチック成型,プレス成型,一体成型,圧縮成型
素早い,すばやい,素早さ,素早いパス,素早いレス,素早い判断,素早い動き
眼球,がんきゅう,レンズ眼球,性眼球,眼球内,眼球運動,眼球の中
永続,えいぞく,永続効果,永続可能,永続性,永続特典,永続的
禁物,きんもつ,油断禁物
県営,けんえい,三重県営,地区県営,埼玉県営,岩手県営,年度県営
買得,かいどく,買得コーナー,買得セット,買得セール,買得ソクホウ,買得テスター
豊作,ほうさく,左門豊作,豊作くん,豊作プロジェクト,豊作年,今年の豊作
接戦,せっせん,差の接戦,接戦となる,接戦の末,接戦を制す,接戦を演じる
同性,どうせい,同性カップル,同性同名,同性同士,同性間,同性から見る
判事,はんじ,パル判事,パール判事,判事さん,判事たち,判事補
適時,てきじ,中前適時,先制適時,右前適時,点適時,連続適時
非行,ひこう,少年非行,性非行,青少年非行,非行事実,非行問題
再興,さいこう,お家再興,再興感染,再興戦,国家再興,家再興
中絶,ちゅうぜつ,中絶件数,中絶反対,中絶問題,中絶後,中絶手術
許せる,ゆるせる,許せるはず,許せるわけ,許せるレベル,許せる友人,許せる気
一堂,いちどう,仕事一堂,一堂に会,一堂に公開,一堂に展示,一堂に集結
快調,かいちょう,快調そのもの,快調生活
確変,かくへん,内部確変,確変の可能,確変を引く
油圧,ゆあつ,大型油圧,油圧クラッチ,油圧サーボ,油圧システム,油圧ショベル
手際,てぎわ,手際良,手際がいい,手際が悪い,手際が良い,手際の悪
護岸,ごがん,コンクリート護岸,型護岸,水護岸,河川護岸,石積み護岸
報知,ほうち,スポーツ報知,報知手段,報知新聞,報知映画,報知機
内職,ないしょく,ネット内職,ハローワーク内職,バイト内職,ワーク内職,内職あっせん
可変,かへん,可変さ,可変バルブ,可変ビット,可変ピッチ,可変可能
音程,おんてい,同じ音程,度音程,正しい音程,音程感,度の音程
張り紙,はりがみ,張り紙をする,張り紙を出す,張り紙を見る,張り紙を見つける,禁止の張り紙
書留,かきとめ,事件書留,書留便,書留帳,書留手数料,書留速達
燃やす,もやす,燃やし宇,燃やし宇治,燃やすごみ,燃やすとき,燃やすゴミ
設問,せつもん,問う設問,設問ごと,設問内容,設問形式,設問数
貸し切り,かしきり,貸し切りバス,貸し切りパーティー,貸し切り予約,貸し切り可,貸し切り料金
大判,おおばん,大判インクジェット,大判カメラ,大判サイズ,大判ストール,大判タイプ
逆さ,さかさ,上下逆さ,映る逆さ,逆さづり,逆さまつ毛,逆さマッターホルン
謝礼,しゃれい,講師謝礼,謝礼付き,謝礼発送,謝礼金,円の謝礼
等価,とうか,的等価,等価値,等価原理,等価回路,等価店
移り変わり,うつりかわり,ネットワークの移り変わり,世の移り変わり,世の中の移り変わり,四季の移り変わり,天気の移り変わり
打率,だりつ,チーム打率,実質打率,打率トップ,最高打率,通算打率
混む,こむ,全然混む,多少混む,少し混む,常に混む,意外と混む
毒素,どくそ,ベロ毒素,ボツリヌス毒素,体内毒素,出す毒素,有害毒素
公職,こうしょく,公職追放,公職選挙,情報公職,公職の候補
余る,あまる,余る光栄,余る場合,余る程,勢い余る,少し余る
型紙,かたがみ,同じ型紙,型紙付き,型紙作り,型紙を作る,型紙を使う
変性,へんせい,変性アルコール,変性エポキシ,変性シリコーン,変性女子,変性性
真性,しんせい,真性キチガイ,真性バカ,真性マゾ,真性基地,真性引き
測り,はかり,真意を測りかねる
境目,さかいめ,境目あたり,境目付近,境目辺り,区の境目,境目がない
ご利益,ごりやく,ご利益さん,ご利益ワンダーランド,ご利益別,京都ご利益,同じご利益
管制,かんせい,レーダー管制,交通管制,地上管制,報道管制,情報管制
修験,しゅげん,修験場,修験宗,修験本,修験道,修験道場
休職,きゅうしょく,休職中,休職処分,休職制度,休職月,休職期間
塩基,えんき,ゲノム塩基,一塩基,塩基対,塩基性,塩基球
別格,べっかく,別格官,別格本山,四国別格,宇治別格,別格とする
授賞,じゅしょう,大賞授賞,授賞式,授賞理由,賞授賞,大賞の授賞
質屋,しちや,全国質屋,公益質屋,質屋さん,質屋ハル,質屋ブランド
増員,ぞういん,スタッフ増員,医師増員,増員要求,増員計画,増員選挙
程よい,ほどよい,程よいアクセント,程よいコク,程よいサイズ,程よいバランス,程よいボリューム
勢ぞろい,せいぞろい,アイテム勢ぞろい,ブランド勢ぞろい,メンバー勢ぞろい
混浴,こんよく,混浴シーン,混浴ペット,混浴大,混浴温泉,男女混浴
習性,しゅうせい,悲しい習性,開花習性,集まる習性,食べる習性,人間の習性
料率,りょうりつ,料率ショップ,事前に料率,保険の料率
採血,さいけつ,採血器具,採血室,採血後,採血時,採血検査
別居,べっきょ,別居中,別居後,別居期間,別居状態,別居生活
政局,せいきょく,医政局,国内政局,政局がらみ,政局不安,政局優先
軍師,ぐんし,天才軍師,軍師さん,軍師たち,軍師カード,軍師山本
用件,ようけん,別の用件,急ぎの用件,用件を伝える,用件を済ませる,用件を満たす
留保,りゅうほ,内部留保,対象留保,権留保,留保付,留保利益
史観,しかん,マルクス史観,中心史観,主義史観,反日史観,史観的
増刊,ぞうかん,サンデー増刊,ビッグコミックオリジナル増刊,マガジン増刊,レポート増刊,号増刊
再三,さいさん,再三書く,再三申し上げる,再三言う,再三述べる
適法,てきほう,適法性,風適法,性や適法,適法とする,適法に確定
備長,びんちょう,土佐備長,紀州備長
辺境,へんきょう,中国辺境,北西辺境,日本辺境,辺境サイト,辺境地
報い,むくい,一矢報い,報いを受ける,報いを求める,悪行の報い,相応の報い
逆行,ぎゃっこう,時代逆行,水星逆行,的逆行,逆行中,逆行性
演芸,えんげい,上方演芸,国立演芸,大衆演芸,寄席演芸,新人演芸
損なう,そこなう,損なう危険,損なう原因,損なう可能,損なう場合,損なう結果
移築,いちく,民家移築,移築保存,移築再生,移築復元,移築する建物
効き目,ききめ,効き目がない,効き目が悪い,効き目が無い,効き目はある,効き目はない
形容,けいよう,形容动词,形容器,形容語,形容词,形容する言葉
必修,ひっしゅう,必修単位,必修問題,必修授業,必修教科,必修科目
行財政,ぎょうざいせい,厳しい行財政,地方行財政,市行財政,町行財政,県行財政
採る,とる,採りたて,採り体験,採り名人,採り完熟,採り放題
生保,せいほ,ネット生保,国内生保,大手生保,生保レディ,生保レディー
囲み,かこみ,丸囲み,囲み会見,囲み取材,囲み数字,囲み文字
夢想,むそう,ホテル夢想,夢想国師,夢想園,夢想家,夢想流
群像,ぐんぞう,群像ドラマ,群像劇,群像新人,作家の群像,委員の群像
流布,るふ,宣流布,広く流布,広宣流布,流布本,風評流布
特質,とくしつ,特質上,特質系,的特質,文化の特質,日本人の特質
講ずる,こうずる,講ずる体制,講ずる場合,講ずる必要,処置を講ずる,対策を講ずる
現す,あらわす,現すとき,現す言葉,体を現す,全容を現す,効果を現す
余命,よめい,余命あと,余命半年,余命宣告,余命数,平均余命
時限,じげん,一時限,二時限,四時限,教習時限,時限スト
肉眼,にくがん,肉眼所見,肉眼的,肉眼観察,肉眼で確認,肉眼で見る
往路,おうろ,往路便,往路優勝,往路復路,往路と復路,往路を下山
興業,こうぎょう,ステ興業,中国興業,国際興業,大川興業,建設興業
経口,けいこう,経口ステロイド,経口ワクチン,経口中絶,経口感染,経口毒性
程遠い,ほどとおい,程遠志,程遠いところ,程遠い内容,程遠い存在,程遠い感じ
故事,こじ,中国故事,故事ことわざ,故事名言,故事成語,的故事
去勢,きょせい,去勢後,去勢手術,去勢法,去勢済,去勢済み
営農,えいのう,南営農,営農センター,営農団地,営農情報,営農技術
年額,ねんがく,係る年額,年金年額,年額計算,恩給年額,支給年額
質素,しっそ,質素さ,質素材,質素に暮らし
代弁,だいべん,代弁をする,利益を代弁,国民の代弁,声を代弁,心を代弁
再考,さいこう,事件再考,史再考,論再考,再考する必要,再考の余地
精査,せいさ,十分精査,現在精査,精査中,精査する必要,精査するところ
節税,せつぜい,税節税,節税テクニック,節税ノウハウ,節税効果,節税対策
軍勢,ぐんぜい,率いる軍勢,万の軍勢,仮面の軍勢,信長の軍勢,千の軍勢
句集,くしゅう,一句集,三句集,二句集,合同句集,夏山句集
見識,けんしき,広い見識,深い見識,的見識,高い見識,一つの見識
遊技,ゆうぎ,パチンコ遊技,全日本遊技,式遊技,日本遊技,県遊技
暗証,あんしょう,暗証キー,暗証番号,暗証通信,カードの暗証,キャッシュカードの暗証
照準,しょうじゅん,光学照準,照準合わせ,照準器,照準機,照準線
安保理,あんぽり,国連安保理,安保理制裁,安保理常任,安保理拡大,安保理改革
一過,いっか,一過性,一過的,台風一過,一過の快晴,一過の晴天
公費,こうひ,ワクチン公費,全額公費,公費助成,公費対応,公費投入
構文,こうぶん,分詞構文,基本構文,構文エラー,構文上,構文木
体現,たいげん,性を体現,理念を体現,精神を体現,見事に体現,言葉を体現
往年,おうねん,往年のアイドル,往年のスター,往年のヒット,往年のファン,往年の人気
夜桜,よざくら,ベム夜桜,夜桜ライトアップ,夜桜会,夜桜見物,公園の夜桜
喜ばしい,よろこばしい,喜ばしいかぎり,喜ばしいニュース,喜ばしい出来事,喜ばしい限り,喜ばしく思い
見応え,みごたえ,大変見応え,見応えたっぷり,非常に見応え
墓場,はかば,人生の墓場,仁義の墓場,墓場まで持つ,男の墓場,船の墓場
講話,こうわ,健康講話,学講話,安全講話,校長講話,特別講話
序章,じょしょう,
永代,えいたい,供養永代,日本永代,永代使用,永代供養,永代寺
備え付け,そなえつけ,局備え付け,備え付けの用紙,局に備え付け,窓口に備え付け,部屋に備え付け
逆流,ぎゃくりゅう,弁逆流,管逆流,逆流性,逆流現象,逆流防止
根絶,こんぜつ,じん肺根絶,テロ根絶,ポリオ根絶,天下り根絶,戦争根絶
旧約,きゅうやく,旧約時代,旧約聖書,旧約と新約,旧約の時代,旧約の預言
母性,ぼせい,日本母性,母性保護,母性健康,母性原理,母性愛
教職,きょうしょく,教職受験,教職員,教職大学院,教職志望,教職教養
志士,しし,勤王志士,勤皇志士,幕末志士,志士たち,志士ら
告別,こくべつ,告別式,通夜と告別
造営,ぞうえい,大仏造営,平安京造営,式年造営,造営工事,造営時
少額,しょうがく,ファミリー少額,少額投資,少額決済,少額減価,少額短期
不評,ふひょう,不評みたい,不評を買う,男に不評
急務,きゅうむ,急務となる,急務と考え,急務の課題,急務とされる
能楽,のうがく,流能楽,能楽会,能楽公演,能楽協会,能楽師
国技,こくぎ,ラーメン国技,両国国技,国技館,国技館内,蔵前国技
学資,がくし,保育学資,保険学資,受け取れる学資,学資ローン,学資保険
市制,しせい,単独市制,市市制,市制町村,市制記念,年市制
同額,どうがく,同額以上,同額減少,同額程度,子供同額,定期同額
弁明,べんめい,弁明書,苦しい弁明,弁明する機会,ソクラテスの弁明,前に弁明
居城,きょじょう,三成の居城,代の居城,代々の居城,信長の居城,城に居城
酒造り,さけづくり,日本酒造り,男山酒造り,酒造り体験,酒造り資料,酒造りの工程
増産,ぞうさん,割増産,増産体制,増産投資,増産計画,食料増産
型番,かたばん,メーカ型番,メーカー型番,一型番,同じ型番,商品型番
総連,そうれん,交総連,印総連,建総連,朝総連,私鉄総連
破局,はきょく,破局スポット,破局告白,破局報道,破局後,破局的
在外,ざいがい,在外事務所,在外公館,在外国民,在外子会社,在外投票
厚手,あつで,厚手タイプ,厚手のカーテン,厚手のコート,厚手のセーター,厚手のビニール
液状,えきじょう,液状タイプ,液状物,液状食品
面識,めんしき,直接面識,直接の面識,面識がない,面識が無い,面識はある
破格,はかく,破格値,破格的,円と破格,破格の価格,破格の値段
暴風,ぼうふう,暴風域,暴風時,暴風警報,暴風雪,以上の暴風
家政,かせい,家政夫,家政女学校,家政婦,家政学会,家政科
示談,じだん,事故示談,示談代行,示談屋,示談成立,示談書
久遠,くおん,久遠さやか,久遠さん,久遠元,久遠実成,久遠本
雪解け,ゆきどけ,雪解け後,雪解け時期,雪解け水,富士山の雪解け,春の雪解け
過多,かた,アクセス過多,カロリー過多,ストレス過多,供給過多,在庫過多
非情,ひじょう,非情さ,非情城市,非情のライセンス
慣行,かんこう,会計慣行,労使慣行,労働慣行,取引慣行,商慣行
余白,よはく,上部余白,余白部分,表面余白,カルテの余白,余白の部分
本職,ほんしょく,本職さん,本職用,私の本職
鉱業,こうぎょう,久原鉱業,古河鉱業,同和鉱業,日本鉱業,漁業鉱業
熱演,ねつえん,熱演ぶり,熱演中,役を熱演,役を熱演する
近似,きんじ,線形近似,近似アルゴリズム,近似値,近似式,近似性
質的,しつてき,質的向上,質的変化,質的研究,質的調査
留年,りゅうねん,大量留年,就職留年,年留年,留年決定,留年率
本領,ほんりょう,旗本領,本領発揮,本領を発揮,歩兵の本領,本領を発揮する
縄張り,なわばり,地縄張り,縄張り争い,縄張り内,縄張り図,縄張り意識
講和,こうわ,サンフランシスコ講和,パリ講和,ポーツマス講和,全面講和,単独講和
続報,ぞくほう,ニュースの続報,事件の続報,続報がない,続報に期待,続報をお待ち
旅情,りょじょう,千曲川旅情,旅情たっぷり,旅情ミステリー,旅情報,旅情感
過熱,かねつ,景気過熱,油過熱,異常過熱,過熱ぶり,過熱器
可燃,かねん,可燃ごみ,可燃さん,可燃ガス,可燃ゴミ,可燃性
寄港,きこう,寄港世界,寄港中,寄港便,寄港地,寄港後
失態,しったい,失態をおかす,失態をする,失態をやらかす,失態を演じる,失態を犯す
増益,ぞうえき,ケタ増益,営業増益,増収増益,増益予想,増益基調
職安,しょくあん,市職安,条職安,職安求人,職安法,職安通り
変則,へんそく,変則チューニング,変則ルール,変則勤務,変則日程,変則時間
久しい,ひさしい,久しブリ,久しブリーフ,久しいわけ,久しい今日,久しい昨今
賛助,さんじょ,会賛助,法人賛助,賛助会,賛助会員,賛助会費
減点,げんてん,大きな減点,減点ポイント,減点主義,減点対象,減点方式
鉄則,てっそく,成功の鉄則
余力,よりょく,付余力,供給余力,信用余力,投資余力,余力がない
軍備,ぐんび,海軍軍備,軍備制限,軍備反対,軍備増強,軍備強化
導師,どうし,導師たち,導師アス,導師様,導師達,導師となる
正史,せいし,三国志正史,佐内正史,山崎正史,正史さん,正史シリーズ
総武,そうぶ,中央総武,総武中央,総武快速,総武流山,総武線
再起,さいき,再起不能,再起戦,風雲再起,再起をかける,再起を図る
確約,かくやく,確約プラン,確約書,部屋確約,食確約,リクエストは確約
接地,せっち,エミッタ接地,接地側,接地圧,接地工事,接地性
木質,もくしつ,木質チップ,木質バイオ,木質バイオマスエネルギー,木質パネル,木質ボード
輸出入,ゆしゅつにゅう,輸出入取引,輸出入商品,輸出入手続き,輸出入業務,輸出入申告
武勇,ぶゆう,伝武勇,武勇伝,武勇談,数々の武勇
確証,かくしょう,確証バイアス,確証がない,確証が無い,確証はある,確証はない
復路,ふくろ,往路復路,復路フライト,復路便,復路優勝,復路延長
格付,かくづけ,オンライン格付,信用格付,力格付,日本格付,格付センター
防虫,ぼうちゅう,用防虫,用品防虫,防虫シート,防虫スプレー,防虫ネット
製材,せいざい,用製材,製材会社,製材加工,製材品,製材工場
広義,こうぎ,広義的,広義積分,広義の強制,広義の意味
首領,しゅりょう,首領パッチ,首領格,首領様,団の首領,悪の首領
救護,きゅうご,動物救護,応急救護,救護センター,救護体制,救護処置
民団,みんだん,民団中央,民団地方,民団幹部,民団新聞,民団系
素通り,すどおり,素通り禁止,前を素通り,横を素通り,前を素通りする
公設,こうせつ,公設事務所,公設公営,公設地方,公設市場,公設民営
寄進,きしん,寄進状,土地を寄進,寄進をする,寄進を受ける,寺に寄進
任用,にんよう,主事任用,付任用,任用候補,任用制度,任用教員
領有,りょうゆう,島領有,竹島領有,領有問題,領有宣言,領有権
好適,こうてき,ギフト好適,好適品,好適米,酒造好適,好適に使用
貯水,ちょすい,ダム貯水,地下貯水,小規模貯水,性貯水,有効貯水
製図,せいず,建築製図,機械製図,製図器,製図基準,製図室
改編,かいへん,学科改編,改編作品,改編対策,改編後,改編情報
体液,たいえき,体液中,体液性,体液量,モンスターの体液,人間の体液
手製,てせい,
定規,じょうぎ,パース定規,三角定規,平行定規,月野定規,直角定規
球技,きゅうぎ,公園球技,森球技,球技場,球技大会,球技専用
形質,けいしつ,区画形質,原形質,形質人類,形質流動,形質発現
町営,ちょうえい,条町営,町町営,町営スキー,町営バス,町営プール
船団,せんだん,移民船団,自由船団,航船団,船団方式,船団護衛
整復,せいふく,徒手整復,整復固定,整復学科,整復専門,整復師
旅団,りょだん,一旅団,三旅団,二旅団,五旅団,個旅団
防げる,ふせげる,ある程度防げる,防げるはず,防げるわけ,防げる病気,事故は防げる
保冷,ほれい,保冷シート,保冷バック,保冷バッグ,保冷パック,保冷ボックス
検体,けんたい,検体中,検体採取,検体数,検体検査,採取する検体
内在,ないざい,内在性,内在的,内在神,内在する問題,中に内在
可笑しい,おかしい,可笑しげ,可笑しさ,可笑しすぎ,可笑しみ
検品,けんぴん,出荷検品,商品検品,検品作業,検品後,検品済み
複線,ふくせん,全線複線,完全複線,線複線,複線区間,複線図
損する,そんする,損するわけ,損するコミック,損するペニー,損する面白,人生を損する
戦績,せんせき,戦績表,軍戦績,今日の戦績,大会の戦績,戦の戦績
引率,いんそつ,値引率,引率一覧,引率教員,引率教師,引率責任
読破,どくは,全て読破,全巻読破,全部読破,冊読破,完全読破
総代,そうだい,信徒総代,取引総代,宮総代,氏子総代,町総代
迷信,めいしん,迷信的,割の迷信,迷信を信じる
態様,たいよう,一態様,使用態様,勤務態様,取引態様,好ましい態様
横暴,おうぼう,横暴さ,横暴ぶり,アメリカの横暴,数の横暴,検察の横暴
敗因,はいいん,大きな敗因,一番の敗因,今回の敗因,今日の敗因,敗因となる
共犯,きょうはん,共犯関係,的共犯,事件の共犯,共犯の男
青銅,せいどう,リン青銅,最終青銅,青銅一軍,青銅聖,青銅色
実測,じっそく,実測データ,実測値,実測図,実測結果,実測調査
技工,ぎこう,技工士,技工室,技工所,技工料金,技工物
禁書,きんしょ,禁書目録
断続,だんぞく,断続的
雑種,ざっしゅ,一代雑種,系雑種,間雑種,雑種地,雑種強
弁理,べんり,年度弁理,弁理士,弁護士弁理,日本弁理
護る,まもる,護り手,護り神,護る会,護る市民,国を護る
石像,せきぞう,石像寺,石像物,石像群,体の石像
神職,しんしょく,全国神職,神職さん,神職ら,神職ブログ,神職養成
修練,しゅうれん,修練会,修練医,修練場,修練所,修練生
挙げ句,あげく,挙げ句の果て
旧型,きゅうがた,旧型エアコン,旧型ケータイ,旧型国電,旧型客車,旧型機
講談,こうだん,ダム講談,上方講談,女流講談,講談会,講談協会
逆光,ぎゃっこう,逆光時,逆光気味,逆光補正,逆光の中
逆らう,さからう,逆らうつもり,逆らうわけ,逆らう気
逆境,ぎゃっきょう,逆境ナイン,逆境に負け,逆境のとき,逆境の中,逆境の時
統率,とうそつ,学級統率,統率力
開祖,かいそ,合気道開祖,開祖さま,開祖様,開祖道元,仏教の開祖
学識,がくしき,学識経験,深い学識
荷造り,にづくり,荷造りコース,荷造りサービス,荷造りノウハウ,荷造り付き,荷造り作業
護身,ごしん,護身グッズ,護身具,護身法,護身用,護身用具
旧来,きゅうらい,旧来型,旧来的,旧来の日本,旧来の自民党
史的,してき,史的展開,史的構造,史的研究,史的考察,組織の史的
着任,ちゃくにん,着任以来,着任会見,着任式,着任後,着任早々
序曲,じょきょく,序曲集,的序曲,祝典序曲,戦いの序曲
総量,そうりょう,水質総量,総量目標,総量規制,エネルギーの総量,物の総量
余興,よきょう,余興ネタ,余興場,会の余興
制止,せいし,制止の声,制止の言葉,制止を付加,制止を無視,制止を無視する
水圧,すいあつ,動水圧,水圧式,水圧検査,水圧試験,水圧鉄管
損金,そんきん,上損金,個別損金,全額損金,損金処理,損金算入
燃油,ねんゆ,燃油サー,燃油付加,燃油代,燃油価格,燃油特別
旧制,きゅうせい,旧制中学,旧制中学校,旧制中等,旧制大学,旧制専門
採れる,とれる,採れ立て,採れ野菜,採れるところ,採れる場所,採れる天然
主眼,しゅがん,主眼点,主眼とする,主眼を置く
殺生,せっしょう,殺生ヒュッテ,殺生丸,殺生河原,殺生物,殺生石
混迷,こんめい,政局混迷,混迷期,混迷状態,的混迷,混迷する日本
不慣れ,ふなれ,インターネットに不慣れ,ネットに不慣れ,パソコンに不慣れ,操作に不慣れ
略歴,りゃくれき,作家略歴,作者略歴,氏略歴,略歴昭和,略歴書
小判,こばん,二小判,大判小判,小判型,小判平成,小判弁当
能動,のうどう,能動型,能動性,能動的,能動素子,能動輸送
定率,ていりつ,定率制,定率法,定率減税,定率負担,関税定率
気性,きしょう,気性バクテリア,気性的,気性難,気性面,激しい気性
賞状,しょうじょう,賞状書士,賞状用紙,賞の賞状,賞状とトロフィー,賞状と副賞
志す,こころざす,志し半ば,志すきっかけ,志す人々,志す学生,志す若者
山桜,やまざくら,山桜さん,山桜花
無常,むじょう,円無常,無常感,無常観,この世の無常,世の無常
制する,せいする,世界を制する,夏を制する,大会を制する,市場を制する,情報を制する
全容,ぜんよう,全容解明,事件の全容,全容の解明,全容を現す,全容を知る
同義,どうぎ,同義反復,同義的,同義語,類語や同義
解毒,げどく,熱解毒,解毒作用,解毒効果,解毒機能,解毒湯
査察,ささつ,予防査察,兵器査察,国税査察,国税局査察,国連査察
主務,しゅむ,その他主務,主務大臣,主務官庁,主務省,主務省令
居候,いそうろう,居候中,居候先,居候生活,宅に居候,実家に居候
政経,せいけい,友愛政経,国際政経,政経セミナー,政経ダイアリー,政経フォーラム
薬効,やっこう,薬効分類,薬効別,薬効成分,薬効薬理,薬効評価
初任,しょにん,初任研,初任科,初任給,大卒初任,大卒の初任
造語,ぞうご,池波造語,造語力,造語法,意味の造語,私の造語
有毒,ゆうどく,有毒ガス,有毒化学,有毒性,有毒成分,有毒植物
学士,がくし,医学部学士,学士会,学士会館,学士入学,学士力
失効,しっこう,回生失効,失効前,失効後,失効数,失効期限
持久,じきゅう,全身持久,持久力,持久性,持久戦,持久戦争
紀要,きよう,アカデミー紀要,センター紀要,会紀要,大会紀要,大学紀要
息災,そくさい,無事息災,無病息災,病息災,息災で過ごせる,息災を願う
休刊,きゅうかん,休刊中,休刊後,原則休刊,新聞休刊,現在休刊
素足,すあし,素足感覚,素足美人,素足で歩く,素足にサンダル,素足のまま
老師,ろうし,天老師,無文老師,老師様,道老師,老師のことば
余す,あます,余すとこ,余すところ,余す所,ノウハウを余す
肉質,にくしつ,肉質等級
殺気,さっき,殺気を帯びる,殺気を感じる,殺気を放つ
格調,かくちょう,格調高,格調が高い,格調の高
破たん,はたん,リーマン破たん,破たん処理,破たん寸前,破たん後,破たん状態
表象,ひょうしょう,文化表象,的表象,表象文化,表象的,意志と表象
雑多,ざった,その他雑多,種種雑多,日々の雑多,記事に雑多
得体,えたい,
一団,いちだん,一団地,一団となる,一団の中,一団の土地,一団の宅地
失禁,しっきん,便失禁,失禁パンツ,失禁用
管財,かんざい,整理管財,破産管財,管財グループ,管財事件,管財担当
例示,れいじ,例示的,以下に例示
講評,こうひょう,作品講評,講評会,作品の講評,先生の講評,員の講評
張り出し,はりだし,大きく張り出し,張り出し部,張り出し部分,上に張り出し,前に張り出し
法政,ほうせい,法政戦,法政通り
公報,こうほう,公報以外,公報参照,公報発行,公開公報,号公報
仏事,ぶつじ,仏事あれこれ,仏事ギフト,仏事コーディネーター,仏事法要,仏事用
時報,じほう,判例時報,労政時報,富士時報,時報マッチ,時報社
税別,ぜいべつ,入湯税別,全て税別,円税別,消費税別,税別価格
実像,じつぞう,商品の実像
慣用,かんよう,対訳慣用,慣用句,慣用名,慣用的,慣用表現
混血,こんけつ,混血児,混血種,アメリカは混血,日本に混血
飼養,しよう,動物飼養,牛飼養,適正飼養,飼養保管,飼養戸数
義兄,ぎけい,義兄さん,義兄ちゃん,義兄上,義兄夫婦,義兄妹
居合,いあい,居合兵,居合刀,居合術,居合道,居合道部
評点,ひょうてん,クチコミ評点,平均評点,総合評点,評点ランク,評点世界
毒物,どくぶつ,和歌山毒物,毒物カレー,毒物劇,毒物学,毒物混入
総力,そうりょく,総力取材,総力報道,総力特集,総力祭,総力結集
品性,ひんせい,品性のかけ,品性を欠く
序列,じょれつ,序列争い,序列共,序列原理,身分序列,力の序列
主幹,しゅかん,主幹動脈,主幹研究,担当主幹,研究主幹,編集主幹
義姉,ぎし,義姉さま,義姉さん,義姉ちゃん,義姉上,義姉夫婦
費やす,ついやす,費やすエネルギー,費やす労力,費やす必要,費やす時間,お金を費やす
解法,かいほう,問題解法,数値解法,的解法,解法テクニック,解法パターン
保身,ほしん,保身的,自己保身,保身しか考える,保身を図る,保身を考える
不可思議,ふかしぎ,不可思議さ,不可思議光
苦境,くきょう,的苦境,苦境の中
季刊,きかん,季刊労働,季刊精神,季刊紙,季刊誌,季刊銀
素案,そあん,条例素案,構想素案,答申素案,素案づくり,計画素案
寄り付き,よりつき,前場寄り付き,寄り付き値,寄り付き前,寄り付き後,寄り付き直後
暴挙,ぼうきょ,言う暴挙
築造,ちくぞう,下水道築造,支台築造,池築造,築造工事,築造年代
支線,しせん,支線林道,方南支線,本山支線,武支線,貨物支線
真価,しんか,真価発揮,真価を問う,真価を発揮,真価を問われる,真価を発揮する
終演,しゅうえん,無事終演,終演後,終演時間
健保,けんぽ,上乗せ健保,健保センター,健保会館,健保本人,健保法
平易,へいい,常用平易,平易で読む,平易に解説,平易に説明
武具,ぶぐ,武具屋,武具類,武具馬具,伝説の武具
混戦,こんせん,氏混戦,混戦模様,混戦状態,混戦畑野,前の混戦
製紙,せいし,大手製紙,本州製紙,製紙スラッジ,製紙メーカー,製紙会社
絶する,ぜっする,絶する世界,想像を絶する,言語を絶する
過食,かしょく,過食気味
往時,おうじ,往時のまま,往時の姿,往時の様子,往時をしのぶ,往時をしのばせる
塩酸,えんさん,塩酸ジフェンヒドラミン,塩酸ドネペジル,塩酸モルヒネ,塩酸塩,塩酸を加える
再選,さいせん,ブッシュ再選,再選出馬,再選後,再選支持,大統領再選
前略,ぜんりゃく,前略おふくろ,前略プロフ,前略プロフィール
現われる,あらわれる,現われ出,形で現われる
立像,りつぞう,ダム立像,不動明王立像,千手観音立像,四天王立像,聖観音立像
前任,ぜんにん,前任校,私の前任
名寄,なよせ,北海道名寄,名寄地区,名寄市,名寄市内,名寄市立
停戦,ていせん,一時停戦,停戦ライン,停戦中,停戦協定,停戦合意
再燃,さいねん,ブーム再燃,人気再燃,再燃中,問題再燃,熱再燃
官報,かんぽう,全国官報,官報お知らせ,官報公告,官報告示,官報情報
新任,しんにん,新任医師,新任地,新任女,新任式,新任役員
温厚,おんこう,温厚さ,非常に温厚
額面,がくめん,円額面,株式額面,額面どおり,額面上,額面価格
弁解,べんかい,弁解の余地,弁解をする,必死に弁解
発効,はっこう,協定発効,年発効,早期発効,書発効,条約発効
書状,しょじょう,付書状,書状を送る,通の書状
制動,せいどう,初期制動,制動力,制動性能,制動時,制動灯
常緑,じょうりょく,常緑つる,常緑中,常緑低木,常緑多年草,常緑小
飼い犬,かいいぬ,家の飼い犬,自分の飼い犬,飼い犬に手,飼い犬のふん,飼い犬の登録
紀元,きげん,紀元会,紀元前後,紀元後,紀元日本,紀元時報
規正,きせい,規正法,資金規正
似非,えせ,似非人権,似非保守,似非同和,似非宗教,似非平和
布石,ふせき,布石となる,布石を打つ
証する,しょうする,証する情報,証する文書,証する書面,証する書類,証する資料
読み応え,よみごたえ,読み応えたっぷり,非常に読み応え
師弟,してい,師弟コンビ,師弟不二,師弟対決,師弟愛,師弟相対
金堂,こんどう,薬師寺金堂,西金堂,金堂内,金堂前,金堂特別
製粉,せいふん,徳島製粉,日本製粉,穀製粉,自家製粉,製粉会社
独走,どくそう,トップ独走,独走トライ,独走中,独走体制,独走態勢
総社,そうじゃ,国総社,岡山総社,市総社,県総社,総社南
編み物,あみもの,編み物ブログ,編み物教室,市の編み物,編み物の本,編み物をする
買い得,かいどく,買い得感
自賛,じさん,自我自賛,自画自賛,自賛温泉
基底,きてい,グレブナー基底,基底クラス,基底層,基底材,基底状態
きな粉,きなこ,きな粉もち,黒豆きな粉,きな粉と黒,きな粉をかける,きな粉をまぶす
人造,じんぞう,人造人間,人造大理石,人造物,人造生命,人造石
野性,やせい,野性児,野性動物,野性味,野性時代,野性的
政調,せいちょう,中川政調,党政調,政調会,政調会長,政調全体
後衛,こうえい,前衛後衛,後衛さん,後衛ジョブ,後衛職,相手後衛
写経,しゃきょう,写経セット,写経会,写経体験,写経用,写経用紙
再読,さいどく,再読中,コードの再読,ページを再読,数字は再読,本を再読
木版,もくはん,伝統木版,木口木版,木版刷り,木版印刷,木版本
貯留,ちょりゅう,一時貯留,地下貯留,地中貯留,液貯留,胸水貯留
救える,すくえる,救えるはず,救える命,クリックで救える,世界を救える,危機を救える
教務,きょうむ,コラム教務,教務主任,教務事務,教務便り,教務係
節減,せつげん,コスト節減,節減効果,節減対象,節減策,経費節減
快気,かいき,内祝い快気,快気内祝,快気内祝い,快気祝,快気祝い
原状,げんじょう,原状回復,原状復帰,見積原状,原状に回復,時の原状
属国,ぞっこく,属国日本,年属国,アメリカの属国,中国の属国,国の属国
考証,こうしょう,時代考証,歴史考証,的考証,科学考証,考証学
利得,りとく,不当利得,不正利得,利得アンテナ,利得罪,利得金
減圧,げんあつ,すり合わせ減圧,減圧下,減圧停止,減圧弁,減圧蒸留
識者,しきしゃ,識者たち,識者ら,世界の識者,多くの識者,識者のコメント
事務所,じむしょ,その後事務所,アイドル事務所,ガバナー事務所,クラブ事務所,コンサルタント事務所
美術館,びじゅつかん,アカデミア美術館,アジア美術館,アルバート美術館,アート美術館,インターネット美術館
弁護士,べんごし,エリート弁護士,スタッフ弁護士,タレント弁護士,ベテラン弁護士,一弁護士
保育園,ほいくえん,へき地保育園,一保育園,三保育園,中央保育園,乳児保育園
公務員,こうむいん,上級公務員,中級公務員,公務員さん,公務員たち,公務員ども
不可能,ふかのう,アクセス不可能,クリア不可能,コントロール不可能,上不可能,不可能みたい
文化財,ぶんかざい,会文化財,元興寺文化財,区文化財,国立文化財,地域文化財
芸能人,げいのうじん,お気に入り芸能人,お笑い芸能人,アノ芸能人,オリコン芸能人,タレント芸能人
税理士,ぜいりし,アロット税理士,サポート税理士,ニセ税理士,事務所税理士,京都税理士
未経験,みけいけん,未経験でも安心,未経験でも心配,未経験でも研修,未経験でも安心する
所在地,しょざいち,キャンパス所在地,ハローワーク所在地,事務所所在地,会社所在地,学校所在地
不適切,ふてきせつ,その他不適切,一部不適切,上不適切,不適切さ,不適切使用
可愛,かわい,可愛いく,可愛いね,可愛いよ,可愛かずみ,可愛さん
最大限,さいだいげん,出来る最大限,最大限利用,最大限努力,最大限尊重,最大限引き出し
現時点,げんじてん,現時点で入手,現時点で判明,現時点で在庫,現時点で存在,現時点で確認
産婦人科,さんふじんか,ギネ産婦人科,クリニック産婦人科,サイト産婦人科,区産婦人科,医学部産婦人科
留学生,りゅうがくせい,フルブライト留学生,中国留学生,中国人留学生,内地留学生,国費留学生
半導体,はんどうたい,アナログ半導体,ギャップ半導体,シリコン半導体,ハイニックス半導体,パワー半導体
年賀状,ねんがじょう,オリジナル年賀状,ミクシィ年賀状,付き年賀状,入り年賀状,写真年賀状
無意識,むいしき,半ば無意識,無意識レベル,無意識状態,無意識的,無意識領域
航空機,こうくうき,トルコ航空機,大型航空機,小型航空機,川崎航空機,川西航空機
最低限,さいていげん,必要最低限,最低限これ,最低限チェック,最低限以下,最低限必要
自家製,じかせい,作る自家製,全て自家製,白湯自家製,美味しい自家製,自家製うどん
非公開,ひこうかい,アドレス非公開,コメント非公開,ネット非公開,パスワード非公開,メールアドレス非公開
予備校,よびこう,ゼミサテライン予備校,一覧予備校,予備校ブギ,予備校一覧,予備校体育
最寄駅,もよりえき,円最寄駅,同じ最寄駅,最寄駅名,最寄駅周辺,最寄駅指定
暴力団,ぼうりょくだん,地元暴力団,広域暴力団,指定暴力団,暴力団がらみ,暴力団事務所
会計士,かいけいし,会計士さん,会計士事務所,会計士会計士,会計士制度,会計士協会
高血圧,こうけつあつ,早朝高血圧,高血圧予防,高血圧対策,高血圧性,高血圧改善
高性能,こうせいのう,型高性能,小型高性能,用高性能,関連高性能,高性能アンテナ
高画質,こうがしつ,デジタル高画質,ランダム高画質,無料高画質,長時間高画質,高画質グラビア
小麦粉,こむぎこ,力小麦粉,北京小麦粉,原材料小麦粉,国内産小麦粉,国産小麦粉
有意義,ゆういぎ,大変有意義,楽しく有意義,有意義にお過ごし,有意義に時間,有意義に活用
無責任,むせきにん,ニッポン無責任,無責任さ,無責任すぎ,無責任ぶり,無責任ヒーロー
方程式,ほうていしき,アインシュタイン方程式,シュレディンガー方程式,シュレーディンガー方程式,マクスウェル方程式,代数方程式
準決勝,じゅんけっしょう,カップ準決勝,シングルス準決勝,トーナメント準決勝,リーグ準決勝,ワールドカップ準決勝
最小限,さいしょうげん,必要最小限,最小限で済む,最小限とする,最小限に止め,最小限のコスト
居場所,いばしょ,居場所づくり,居場所作り,居場所確認,新しい居場所,お前の居場所
不利益,ふりえき,その他不利益,上不利益,不利益事実,不利益処分,何らかの不利益
保健所,ほけんじょ,中央保健所,保健所使用,保健所保健,保健所健康,保健所政令市
直接的,ちょくせつてき,直接的原因,直接的表現,直接的関係,発生する直接的,起因する直接的
解像度,かいぞうど,出力解像度,動画解像度,同じ解像度,多重解像度,最大解像度
栄養素,えいようそ,五大栄養素,助ける栄養素,効く栄養素,各種栄養素,持つ栄養素
栄養士,えいようし,学校栄養士,日本栄養士,栄養士さん,栄養士会,栄養士協議
留守番,るすばん,留守番サービス,留守番中,留守番役,留守番日記,留守番時
過半数,かはんすう,単独過半数,参院過半数,過半数代表,過半数以上,過半数確保
製作所,せいさくしょ,オビツ製作所,コゲメシ製作所,システム製作所,タムラ製作所,丸山製作所
絶好調,ぜっこうちょう,人気絶好調,売れ行き絶好調,最近絶好調,絶好調ぶり,絶好調みたい
非常識,ひじょうしき,常識非常識,非常識さ,非常識ぶり,非常識合格,非常識的
無条件,むじょうけん,全額無条件,無条件服従,無条件的,無条件解約,基地の無条件
助教授,じょきょうじゅ,センター助教授,助教授ら,医学部助教授,大学助教授,大学院助教授
似顔絵,にがおえ,お祝い似顔絵,似顔絵アイコ,似顔絵イラスト,似顔絵ウェルカムボード,似顔絵ケーキ
停留所,ていりゅうじょ,バス停留所,主要停留所,乗車停留所,停留所一覧,停留所下車
現在地,げんざいち,年現在地,月現在地,現在地トップページ,現在地周辺,現在地確認
神経質,しんけいしつ,神経質さ,神経質すぎ,以上に神経質,異常に神経質,非常に神経質
出張所,しゅっちょうじょ,共同出張所,出張所前,出張所周辺,出張所管内,出張所設置
紀元前,きげんぜん,紀元前数
精神病,せいしんびょう,定型精神病,性精神病,精神病性,精神病理学,精神病的
有識者,ゆうしきしゃ,外部有識者,有識者たち,有識者ら,有識者会合,有識者会議
感受性,かんじゅせい,インスリン感受性,ホルモン感受性,光感受性,感じる感受性,感受性検査
寄生虫,きせいちゅう,内部寄生虫,外部寄生虫,寄生虫ども,寄生虫みたい,寄生虫博物館
同性愛,どうせいあい,同性愛カップル,同性愛サロン,同性愛板,同性愛的,女性同性愛
検察官,けんさつかん,条検察官,検察官役,検察官調書,特別検察官,検察官の主張
支配人,しはいにん,ホテル支配人,劇場支配人,支配人さん,支配人その他,支配人ら
武道館,ぶどうかん,岡山武道館,市武道館,東京武道館,武道館コンサート,武道館ライブ
救世主,きゅうせいしゅ,救う救世主,救世主さま,救世主ウェイター,救世主伝説,救世主様
予告編,よこくへん,予告編ムービー,予告編公開,予告編動画,予告編映像,劇場予告編
無防備,むぼうび,
修道院,しゅうどういん,ジェロニモス修道院,トラピスチヌ修道院,トラピスト修道院,会修道院,修道院内
研修生,けんしゅうせい,ゴルフ研修生,中国人研修生,技術研修生,海外研修生,研修生たち
不規則,ふきそく,不規則動詞,不規則勤務,不規則変化,不規則性,不規則波
雑木林,ぞうきばやし,明るい雑木林,雑木林内,雑木林雑木林,武蔵野の雑木林,近くの雑木林
無表情,むひょうじょう,無表情さ,無表情のまま
気管支,きかんし,小児気管支,性気管支,気管支ぜんそく,気管支ぜん息,気管支ファイバー
守護神,しゅごしん,守護神さま,守護神様,的守護神,仏教の守護神,守護神とする
非課税,ひかぜい,世帯非課税,係る非課税,利子非課税,形成非課税,税非課税
総集編,そうしゅうへん,コラム総集編,スペシャル総集編,台総集編,屋台総集編,総集編的
自営業,じえいぎょう,フリーター自営業,一等自営業,公務員自営業,員自営業,自営業その他
注意報,ちゅういほう,インフルエンザ注意報,オキシダント注意報,スモッグ注意報,低温注意報,大雨注意報
代議士,だいぎし,代議士たち,代議士ら,代議士会,代議士先生,代議士秘書
志望校,しぼうこう,一志望校,志望校判定,志望校別,志望校合格,志望校対策
不整脈,ふせいみゃく,リウマチ不整脈,リハビリ不整脈,不整脈乳児,不整脈便秘,不整脈薬
無所属,むしょぞく,完全無所属,無所属クラブ,無所属候補,無所属新人,無所属現職
不条理,ふじょうり,不条理さ,不条理ギャグ,不条理劇,不条理感,不条理日記
在校生,ざいこうせい,在校生たち,在校生代表,在校生向け,卒業生と在校生,卒業生や在校生
国際線,こくさいせん,国際線ターミナル,国際線ビル,国際線ファースト,国際線予約,国際線出発
非公式,ひこうしき,非公式サイト,非公式ファン,非公式ブログ,非公式ホームページ,非公式会合
製造元,せいぞうもと,製造元株式会社
直営店,ちょくえいてん,ブランド直営店,メーカー直営店,問屋直営店,直営店限定,社直営店
停車駅,ていしゃえき,停車駅案内,快速停車駅,急行停車駅,新幹線停車駅,特急停車駅
法務局,ほうむきょく,名古屋法務局,地方法務局,大阪法務局,東京法務局,法務局一覧
保証書,ほしょうしょ,メーカー保証書,保証書付,保証書付き,品質保証書,国際保証書
消防車,しょうぼうしゃ,化学消防車,台の消防車,活動に消防車,消防車と救急,消防車のサイレン
無造作,むぞうさ,無造作ヘア
大前提,だいぜんてい,大前提とする,大前提となる
美意識,びいしき,的美意識,美意識向上,日本の美意識,日本人の美意識,独特の美意識
大動脈,だいどうみゃく,大動脈リンパ,大動脈周囲,大動脈弁,大動脈弓,急性大動脈
高学歴,こうがくれき,高学歴プアー,高学歴ワーキングプア,高学歴高
資料集,しりょうしゅう,ファックス資料集,参考資料集,史資料集,小さな資料集,歴史資料集
事故死,じこし,交通事故死,中に事故死,中の事故死
自意識,じいしき,
氷河期,ひょうがき,ミニ氷河期,就職氷河期,氷河期世代,氷河期時代,前の氷河期
中性子,ちゅうせいし,レッドマーキュリー中性子,中性子ガリ,中性子ビーム,中性子吸収,中性子回折
高気圧,こうきあつ,シベリア高気圧,太平洋高気圧,性高気圧,持つ高気圧,海高気圧
総本山,そうほんざん,天台宗総本山,宗総本山,正宗総本山,派総本山,真言宗総本山
無機質,むきしつ,無機質的,無機質系
直輸入,ちょくゆにゅう,アメリカ直輸入,イタリア直輸入,ハワイ直輸入,フランス直輸入,ヨーロッパ直輸入
現実味,げんじつみ,現実味がない,現実味が無い,現実味をおびる,現実味を増す,現実味を帯びる
主体性,しゅたいせい,的主体性,主体性がない,主体性の確立,主体性をもつ,主体性を尊重
公会堂,こうかいどう,中央公会堂,区公会堂,市公会堂,武蔵野公会堂,浅草公会堂
性教育,せいきょういく,性教育と性,性教育の授業
張本人,ちょうほんにん,張本人たち,事件の張本人
非売品,ひばいひん,非売品グッズ,非売品ポスター,映画の非売品
議事堂,ぎじどう,会議事堂,国会議事堂,州議事堂,県議会議事堂,議事堂内
非線形,ひせんけい,的非線形,非線形システム,非線形光学,非線形力学,非線形効果
総動員,そうどういん,国家総動員,国民総動員,精神総動員,総動員令,総動員体制
高水準,こうすいじゅん,円高水準,高水準言語,以来の高水準,高水準で推移,高水準となる
大本営,だいほんえい,大本営政府,大本営海軍,大本営発表,大本営陸軍,松代大本営
気象台,きしょうだい,中央気象台,地方気象台,東京気象台,気象台発表,気象台長