検索,けんさく,検索結果,検索サイト,検索条件,情報検索,病院検索
購入,こうにゅう,一戸建て購入,マンション購入,不動産購入,購入時,購入後
一緒,いっしょ,達と一緒,未来を一緒,友達と一緒,子供と一緒,私と一緒
戻る,もどる,トップへ戻る,先頭へ戻る,一覧へ戻る,上部へ戻る,上へ戻る
監督,かんとく,映画監督,岡田監督,監督作品,基準監督,監督署
雰囲気,ふんいき,雰囲気の中,店の雰囲気,雰囲気を醸し出す,雰囲気が良い,独特の雰囲気
釣り,つり,釣りをする,釣り情報,海釣り,釣り師,バス釣り
患者,かんじゃ,患者さん,患者様,患者さま,入院患者,病患者
金融,きんゆう,金融機関,金融商品,金融危機,金融庁,金融政策
充実,じゅうじつ,機能充実,情報を充実,充実感,充実を図る,充実度
風呂,ふろ,風呂場,貸切風呂,風呂上り,岩風呂,家族風呂
分析,ぶんせき,精神分析,分析を行う,自己分析,分析結果,分析法
馬鹿,ばか,馬鹿みたい,馬鹿野郎,馬鹿さん,馬鹿ども,馬鹿丸出し
診療,しんりょう,診療所,診療時間,診療科目,診療報酬,診療科
挑戦,ちょうせん,挑戦中,挑戦状,作りに挑戦,安値に挑戦,挑戦的
症状,しょうじょう,自覚症状,同じ症状,脱水症状,初期症状,症状がない
診断,しんだん,健康診断,診断書,診断と治療,診断士,企業診断
嫌い,きらい,好き嫌い,野菜嫌い,嫌い嫌い,勉強嫌い,人間嫌い
挨拶,あいさつ,挨拶をする,舞台挨拶,挨拶状,挨拶を交わす,挨拶回り
実践,じっせん,実践的,理論と実践,教育実践,実践編,実践力
凄い,すごい,本当に凄い,凄い勢い,凄く好き,凄いところ,凄く気
眺め,ながめ,眺めが良い,素晴らしい眺め,眺めがいい,眺めを楽しむ,眺めも良い
余裕,よゆう,余裕がない,余裕を持つ,時間に余裕,余裕をもつ,余裕はない
無駄,むだ,時間の無駄,無駄使い,無駄無駄,無駄がない,無駄を省く
合併,がっぺい,市町村合併,合併協議,吸収合併,合併後,合併前
丁寧,ていねい,丁寧に説明,親切丁寧,懇切丁寧,丁寧に指導,丁寧に対応
栽培,さいばい,有機栽培,農薬栽培,特別栽培,栽培方法,栽培米
化粧,けしょう,化粧品,化粧水,化粧箱,基礎化粧,化粧をする
弊社,へいしゃ,弊社負担,弊社宛,弊社製品,以内に弊社,弊社営業
廃止,はいし,上場廃止,死刑廃止,廃止となる,制度の廃止,廃止論
解析,かいせき,アクセス解析,解析結果,構造解析,解析を行う,成分解析
貢献,こうけん,社会貢献,社会に貢献,貢献活動,地域貢献,大きく貢献
駄目,だめ,駄目駄目,駄目人間,駄目みたい,駄目出し,駄目元
購読,こうどく,定期購読,ブログを購読,新聞購読,年間購読,購読申し込み
履歴,りれき,履歴書,編集履歴,更新履歴,行動履歴,履歴を見る
戻り,もどり,戻りに色,戻りを試す,戻りが悪い,戻りはする,戻りが遅い
妊娠,にんしん,妊娠中,妊娠検査,妊娠報告,妊娠初期,妊娠出産
宜しく,よろしく,宜しく頼む,宜しく願う,宜しく伝える,宜しく無い
焼酎,しょうちゅう,芋焼酎,本格焼酎,麦焼酎,米焼酎,黒糖焼酎
頑張り,がんばり,頑張り屋,一頑張り,頑張りやさん,頑張りに期待,選手の頑張り
交渉,こうしょう,団体交渉,交渉をする,交渉中,交渉を行う,性交渉
洗濯,せんたく,洗濯機,洗濯物,室内洗濯,洗濯をする,洗濯用
徹底,てってい,徹底比較,徹底調査,周知徹底,疑問を徹底,徹底解説
旦那,だんな,旦那さん,旦那様,旦那さま,旦那の実家,旦那と一緒
貼り,はり,文書を貼り付ける,画像を貼り付ける,リンクを貼り付ける,写真を貼り付ける,アドレスを貼り付ける
銘柄,めいがら,注目銘柄,個別銘柄,関連銘柄,銘柄を見る,銘柄数
矯正,きょうせい,矯正歯科,矯正治療,毛矯正,列矯正,骨盤矯正
把握,はあく,状況を把握,状況を把握する,正確に把握,実態把握,実態を把握
妄想,もうそう,被害妄想,妄想癖,妄想をする,妄想力,勝手に妄想
疾患,しっかん,性疾患,精神疾患,心疾患,器疾患,慢性疾患
捜査,そうさ,捜査線,捜査官,捜査本部,捜査員,強制捜査
狙い,ねらい,狙い目,狙いを定める,狙い通り,ウケ狙い,狙いすぎ
懐かしい,なつかしい,懐かしい味,懐かしい感じ,懐かしい思い出,懐かしい風景,懐かしい雰囲気
一括,いっかつ,一括見積もり,一括検索,一括チェック,物件を一括,一括表示
充分,じゅうぶん,充分ある,充分楽しむ,充分楽しめる,充分過ぎる,充分に理解
搭載,とうさい,機能を搭載,機能を搭載する,機能搭載,エンジンを搭載,エンジンを搭載する
生涯,しょうがい,生涯学習,一生涯,生涯教育,生涯現役,生涯を描く
廃棄,はいき,廃棄物,産業廃棄,一般廃棄,性廃棄,廃棄処分
匂い,におい,匂いを嗅ぐ,匂いを感じる,良い匂い,同じ匂い,甘い匂い
訴訟,そしょう,民事訴訟,訴訟法,刑事訴訟,訴訟を起こす,訴訟費用
披露,ひろう,英語を披露,英語を披露する,完成披露,披露試写,踊りを披露
拒否,きょひ,拒否反応,登校拒否,拒否権,受信拒否,着信拒否
諦め,あきらめ,夢を諦めきれる
詐欺,さぎ,詐欺師,振り込め詐欺,フィッシング詐欺,詐欺事件,詐欺容疑
報酬,ほうしゅう,診療報酬,成功報酬,報酬型,介護報酬,報酬改定
循環,じゅんかん,循環器,循環型,循環バス,資源循環,血液循環
山梨,やまなし,山梨県,県山梨,山梨市,山梨県内,山梨日日
繊維,せんい,食物繊維,繊維製品,炭素繊維,繊維質,合成繊維
椅子,いす,座椅子,椅子の上,椅子に腰掛け,パイプ椅子,椅子席
推薦,すいせん,推薦入試,推薦書,推薦を受ける,推薦入学,推薦状
完璧,かんぺき,完璧主義,完璧超人,完璧を求める,完璧すぎ,完璧を目指す
探偵,たんてい,探偵団,探偵コナン,探偵事務所,探偵社,探偵小説
稽古,けいこ,稽古場,稽古をする,稽古中,稽古会,通し稽古
睡眠,すいみん,睡眠時間,睡眠不足,睡眠時,睡眠障害,睡眠中
麻生,おふ,麻生太郎,麻生首相,麻生さん,麻生総理,麻生氏
賠償,ばいしょう,損害賠償,賠償請求,賠償の責任,賠償金,賠償責任
漬け,つけ,漬け物,浅漬け,南蛮漬け,甘酢漬け,薬漬け
渋滞,じゅうたい,交通渋滞,渋滞情報,渋滞緩和,道路の渋滞,渋滞中
融資,ゆうし,融資を受ける,融資制度,向け融資,資金融資,即日融資
官僚,かんりょう,官僚たち,高級官僚,官僚制,官僚機構,官僚主導
補償,ほしょう,補償金,災害補償,補償年金,補償制度,所得補償
同僚,どうりょう,会社の同僚,職場の同僚,同僚たち,同僚議員,同僚達
文献,ぶんけん,参考文献,特許文献,文献検索,引用文献,文献調査
日頃,ひごろ,日頃の疲れ,日頃の行い,日頃の感謝,日頃の練習,日頃お世話
過剰,かじょう,過剰反応,自意識過剰,過剰摂取,過剰に反応,自信過剰
受診,じゅしん,受診を希望,機関で受診,受診前,科を受診,機関を受診
推奨,すいしょう,推奨環境,利用を推奨,推奨銘柄,地図の推奨,推奨品
免疫,めんえき,免疫力,免疫療法,自己免疫,免疫機能,免疫系
戻す,もどす,話を戻す,視線を戻す,水で戻す,戻す方法,値を戻す
爽やか,さわやか,爽やか夏,流爽やか,爽やか系,明るく爽やか,系の爽やか
一旦,いったん,一旦戻る,一旦帰る,一旦切る,一旦下る,一旦降る
診察,しんさつ,診察室,診察を受ける,診察時間,医師の診察,診察券
洗浄,せんじょう,洗浄剤,洗浄機,洗浄力,高圧洗浄,温水洗浄
倫理,りんり,倫理的,倫理観,倫理学,倫理綱領,生命倫理
懸念,けねん,懸念を表明,懸念材料,懸念する声,懸念を示す,懸念を表明する
撤退,てったい,軍撤退,完全撤退,撤退後,軍の撤退,撤退を求める
頻繁,ひんぱん,頻繁に使用,頻繁に更新,頻繁に登場,頻繁に利用,頻繁に発生
検診,けんしん,乳がん検診,検診を受ける,定期検診,肺がん検診,胃がん検診
表彰,ひょうしょう,表彰式,表彰を受ける,大臣表彰,表彰制度,表彰を行う
頑張る,がんばる,明日も頑張る,今日も頑張る,精一杯頑張る,もう少し頑張る,私も頑張る
迅速,じんそく,迅速に対応,時間迅速,迅速丁寧,迅速対応,迅速性
融合,ゆうごう,核融合,融合炉,見事に融合,技術を融合,融合研究
土壌,どじょう,土壌汚染,土壌改良,土壌中,汚染土壌,土壌水分
返還,へんかん,返還請求,金返還,金の返還,返還を求める,返還金
親戚,しんせき,親戚の家,親戚一同,遠い親戚,家族や親戚,親戚関係
痩せ,やせ,お腹を痩せさせる
水槽,すいそう,水槽内,水槽の中,水槽の水,防火水槽,大きな水槽
一斉,いっせい,全国一斉,一斉清掃,一斉射撃,一斉攻撃,一斉調査
挿入,そうにゅう,挿入歌,挿入口,内に挿入,挿入曲,自動挿入
充電,じゅうでん,充電器,充電池,充電式,充電中,急速充電
隙間,すきま,隙間を埋める,間に隙間,心の隙間,ドアの隙間,雲の隙間
柔軟,じゅうなん,柔軟性,柔軟に対応,柔軟剤,柔軟体操,変化に柔軟
傑作,けっさく,最高傑作,傑作選,傑作集,傑作の異,傑作絵本
併用,へいよう,併用不可,併用はできる,併用療法,併用住宅,剤併用
破綻,はたん,財政破綻,経営破綻,経済破綻,破綻寸前,破綻処理
機嫌,きげん,機嫌が悪い,機嫌を損ねる,機嫌が良い,機嫌取り,機嫌斜め
昆虫,こんちゅう,水生昆虫,昆虫採集,昆虫類,昆虫記,昆虫館
庶民,しょみん,庶民的,一般庶民,庶民派,庶民の生活,庶民の間
発症,はっしょう,発症率,発症後,発症リスク,病の発症,発症前
稼ぎ,かせぎ,小遣い稼ぎ,時間稼ぎ,稼ぎ出し,賞金稼ぎ,稼ぎをする
歌舞伎,かぶき,歌舞伎役者,歌舞伎俳優,歌舞伎界,子供歌舞伎,花形歌舞伎
還元,かんげん,ポイント還元,還元率,還元水,酸化還元,社会に還元
別荘,べっそう,別荘地,貸し別荘,一戸建て別荘,別荘販売,売り別荘
妥当,だとう,妥当性,妥当と認める,妥当と認められる,公正妥当,性や妥当
稼ぐ,かせぐ,稼ぐ方法,お金を稼ぐ,金を稼ぐ,万稼ぐ,時間を稼ぐ
繊細,せんさい,非常に繊細,美しく繊細,繊細に表現,日本人の繊細,優しく繊細
素朴,そぼく,秀夫の素朴,単純素朴,素朴派,非常に素朴,懐かしい素朴
妖怪,ようかい,妖怪たち,妖怪大,妖怪人間,妖怪退治,妖怪達
頻度,ひんど,使用頻度,更新頻度,頻度が高い,利用頻度,発生頻度
磨き,みがき,磨きをかける,自分磨き,磨き上げ,靴磨き,磨きをする
偏差,へんさ,偏差値,高校の偏差,標準偏差,高校偏差,祭偏差
貼る,はる,貼り付け,情報を貼る,リンクを貼る,写真を貼る,画像を貼る
無償,むしょう,無償提供,高校無償,無償修理,無償で提供,無償資金
腫瘍,しゅよう,悪性腫瘍,舌の腫瘍,腫瘍親知らず,腫瘍細胞,良性腫瘍
媒体,ばいたい,記録媒体,紙媒体,媒体に転載,発売する媒体,広告媒体
曖昧,あいまい,非常に曖昧,曖昧性,記憶曖昧,曖昧すぎ,人名の曖昧
眺める,ながめる,海を眺める,景色を眺める,外を眺める,眺める景色,空を眺める
逸品,いっぴん,自慢の逸品,逸品館,逸品料理,京の逸品,店逸品
撤去,てっきょ,撤去作業,撤去工事,基地撤去,撤去を求める,解体撤去
抹茶,まっちゃ,宇治抹茶,抹茶味,抹茶アイス,抹茶入り,抹茶色
探索,たんさく,探索中,探索をする,探索を行う,経路探索,情報探索
麻酔,ますい,麻酔科,全身麻酔,局所麻酔,麻酔薬,麻酔をする
釣果,ちょうか,釣果情報,釣果報告,最新釣果,釣果を見る,今日の釣果
浄化,じょうか,水質浄化,環境浄化,浄化作用,民族浄化,浄化装置
症例,しょうれい,症例数,症例検討,症例報告,症例写真,一症例
今頃,いまごろ,去年の今頃,昨年の今頃,来年の今頃,前の今頃,明日の今頃
細菌,さいきん,細菌性,細菌感染,細菌戦,細菌兵器,細菌検査
嫉妬,しっと,嫉妬心,人気に嫉妬,嫉妬の炎,女の嫉妬,男の嫉妬
薦め,すすめ,入部を薦められる
忍者,にんじゃ,忍者さん,忍者隊,仮面の忍者,科学忍者,忍者赤
艦隊,かんたい,連合艦隊,艦隊司令,チック艦隊,敵艦隊,無敵艦隊
渓谷,けいこく,渓谷美,渓谷沿い,渓谷鉄道,西沢渓谷,山と渓谷
羨ましい,うらやましい,羨ましい限り,羨ましく思い,本当に羨ましい,羨ましいかぎり,羨ましすぎ
洞窟,どうくつ,青の洞窟,洞窟の中,洞窟内,洞窟風呂,洞窟探検
涼しい,すずしい,涼しい風,涼しい顔,涼しい所,夏は涼しい,涼しい場所
船舶,せんぱく,小型船舶,船舶用,船舶検査,船舶免許,船舶操縦
懇談,こんだん,懇談会,議員懇談,有識者懇談,閣僚懇談,個人懇談
偽装,ぎそう,偽装請負,耐震偽装,偽装問題,偽装事件,産地偽装
砂漠,さばく,砂漠地帯,砂漠の中,月の砂漠,タクラマカン砂漠,東京砂漠
眺望,ちょうぼう,眺望良好,眺望を楽しむ,眺望抜群,素晴らしい眺望,眺望が美しい
頂戴,ちょうだい,時間を頂戴,時間を頂戴する,言葉を頂戴,頂戴する場合,涙頂戴
肯定,こうてい,肯定的,肯定派,自己肯定,肯定感,肯定論
妖精,ようせい,妖精たち,妖精さん,贈る妖精,森の妖精,伯爵と妖精
帰還,きかん,無事帰還,帰還兵,王の帰還,帰還後,地球に帰還
不倫,ふりん,不倫相手,不倫関係,不倫をする,不倫騒動,不倫疑惑
網羅,もうら,情報を網羅,網羅的,完全網羅,情報を網羅する,全てを網羅
三昧,さんまい,温泉三昧,釣り三昧,ゴルフ三昧,読書三昧,映画三昧
憂鬱,ゆううつ,ハルヒの憂鬱,憂鬱感,憂鬱朝比奈,使いの憂鬱,憂鬱症
附属,ふぞく,附属病院,附属図書館,医学部附属,大学附属,附属小学校
洪水,こうずい,洪水災害,パキスタン洪水,洪水警報,大雨洪水,洪水調節
紳士,しんし,紳士服,紳士的,紳士淑女,紳士用,紳士靴
不妊,ふにん,不妊治療,目不妊,不妊手術,男性不妊,不妊の原因
教諭,きょうゆ,養護教諭,幼稚園教諭,男性教諭,小学校教諭,高校教諭
併設,へいせつ,併設型,併設施設,調剤併設,住宅併設,施設を併設
附則,ふそく,法附則,条例附則,附則別表,条附則,附則の規定
愚痴,ぐち,愚痴をこぼす,愚痴を言う,愚痴を聞く,愚痴スレ,愚痴愚痴
弥生,やよい,弥生時代,弥生さん,弥生会計,弥生賞,弥生町
管轄,かんかつ,管轄裁判所,管轄区域,合意管轄,所在地を管轄,所在地を管轄する
縄文,じょうもん,縄文時代,縄文杉,縄文土器,縄文文化,縄文遺跡
楽譜,がくふ,輸入楽譜,楽譜を見る,欲しい楽譜,楽譜集,楽譜出版
懐石,かいせき,懐石料理,懐石家,京懐石,茶懐石,全般懐石
捜索,そうさく,家宅捜索,捜索願,捜索隊,捜索中,美食捜索
吟醸,ぎんじょう,米吟醸,吟醸酒,吟醸香,吟醸生,吟醸原酒
示唆,しさ,性を示唆,性を示唆する,示唆を与える,多くの示唆,示唆的
制覇,せいは,全国制覇,完全制覇,世界制覇,級制覇,制覇を目指す
稼働,かどう,稼働率,フル稼働,稼働中,稼働時間,本格稼働
醸造,じょうぞう,醸造所,醸造酒,醸造酢,醸造元,天然醸造
発祥,はっしょう,発祥の地,発祥地,発祥の店,発祥の起源,日本発祥
炎症,えんしょう,炎症を起こす,炎症性,炎症を抑える,炎症作用,炎症反応
爽快,そうかい,爽快感,爽快ドラッグ,気分爽快,爽快美空,爽快水素
下痢,げり,下痢をする,下痢止め,下痢や腹痛,下痢症,下痢便
秩序,ちつじょ,社会秩序,世界秩序,秩序を乱す,秩序の維持,秩序維持
妊婦,にんぷ,妊婦さん,妊婦健,妊婦検診,妊婦健康,妊婦生活
欠陥,けっかん,欠陥住宅,欠陥品,的欠陥,注意欠陥,欠陥車
美肌,びはだ,美肌効果,美肌の湯,美肌成分,美肌づくり,美肌作り
蛍光,けいこう,蛍光灯,蛍光体,蛍光色,蛍光管,蛍光ランプ
賭け,かけ,賭けをする,賭け金,命賭け,最後の賭け,性に賭け
山荘,さんそう,山荘事件,岳山荘,小倉山荘,浅間山荘,山荘前
喪失,そうしつ,記憶喪失,喪失感,自信喪失,戦意喪失,資格喪失
挑む,いどむ,戦いを挑む,勝負を挑む,闘いを挑む,戦を挑む,世界へ挑む
泥棒,どろぼう,税金泥棒,給料泥棒,火事場泥棒,泥棒の回顧,泥棒猫
封筒,ふうとう,用封筒,茶封筒,封筒の中,封筒の表,封筒印刷
懇親,こんしん,懇親会,懇親を深める,懇親会費,その後の懇親,懇親会場
戦艦,せんかん,宇宙戦艦,戦艦ヤマト,戦艦大和,洋戦艦,級戦艦
漬物,つけもの,京漬物,漬物屋,漬物用,漬物石,キュウリの漬物
本棚,ほんだな,私の本棚,今週の本棚,ミテンの本棚,大人の本棚,本棚の上
干渉,かんしょう,内政干渉,干渉計,干渉を受ける,国干渉,相互干渉
模索,もさく,模索中,方法を模索,方法を模索する,道を模索,道を模索する
献金,けんきん,政治献金,企業献金,献金問題,献金事件,違法献金
過疎,かそ,過疎地,過疎地域,過疎スレ,過疎対策,過疎板
偏見,へんけん,独断と偏見,偏見を持つ,差別や偏見,偏見や差別,的偏見
恐竜,きょうりゅう,恐竜博物館,恐竜化石,恐竜展,恐竜の化石,恐竜たち
渓流,けいりゅう,渓流釣り,渓流沿い,瀬渓流,渓流魚,渓流釣
触媒,しょくばい,光触媒,触媒を用いる,触媒反応,触媒作用,触媒活性
中核,ちゅうかく,中核市,中核派,中核的,中核となる,中核病院
懲役,ちょうえき,以下の懲役,無期懲役,懲役刑,被告に懲役,求刑懲役
且つ,かつ,且つ低い
妥協,だきょう,妥協点,妥協案,相手に妥協,妥協をする,一切の妥協
補充,ほじゅう,在庫補充,補充療法,即時補充,ホルモン補充,欠員補充
高騰,こうとう,価格の高騰,価格高騰,原油高騰,ガソリン高騰,高騰の影響
壮大,そうだい,気宇壮大,言う壮大,壮大すぎ,描く壮大,広がる壮大
総括,そうかつ,総括的,総括質疑,年度総括,総括表,選挙総括
麻薬,まやく,麻薬取締,麻薬中毒,麻薬組織,麻薬密売,麻薬密輸
津波,つなみ,津波警報,津波の心配,地震津波,津波注意報,津波被害
僧侶,そうりょ,僧侶たち,僧侶達,寺の僧侶,若い僧侶,仏教の僧侶
奨励,しょうれい,奨励賞,奨励金,奨励会,研究奨励,奨励品種
誓い,ちかい,愛を誓い合う,将来を誓い合う
愉快,ゆかい,愉快犯,楽しく愉快,愉快愉快,愉快痛快,愉快団
病棟,びょうとう,一般病棟,ケア病棟,療養病棟,救命病棟,病棟看護
懸賞,けんしょう,懸賞情報,懸賞金,懸賞サイト,懸賞に応募,懸賞応募
釣れる,つれる,釣れる魚,良く釣れる,釣れる場所,釣れる気,釣れるポイント
虚偽,きょぎ,虚偽記載,虚偽の情報,虚偽の記載,虚偽の報告,虚偽の申告
靴下,くつした,靴下を履く,靴下を脱ぐ,指靴下,繊維の靴下,白い靴下
拡充,かくじゅう,拡充を図る,制度の拡充,拡充を求める,大幅拡充,大幅に拡充
囲碁,いご,囲碁将棋,囲碁教室,囲碁大会,囲碁界,囲碁部
呪文,じゅもん,呪文を唱える,復活の呪文,魔法の呪文,攻撃呪文,呪文をかける
残酷,ざんこく,残酷物語,残酷描写,残酷性,残酷すぎ,残酷的
治癒,ちゆ,治癒力,自然治癒,自己治癒,治癒能力,創傷治癒
浴槽,よくそう,浴槽内,簡易浴槽,浴槽の中,浴槽水,大きな浴槽
償却,しょうきゃく,減価償却,償却資産,償却費,償却の方法,特別償却
顕著,けんちょ,顕著となる,顕著に表れ,顕著にあらわれ,一番顕著,功績顕著
腫れ,はれ,赤く腫れ,痛みや腫れ,腫れや痛み,パンパンに腫れ,ミミズ腫れ
嫌がらせ,いやがらせ,嫌がらせをする,嫌がらせを受ける,嫌がらせ行為,嫌がらせをされる,的嫌がらせ
培養,ばいよう,培養土,培養液,培養細胞,細胞培養,純粋培養
暗闇,くらやみ,暗闇の中,暗闇のなか,暗闇坂,暗闇の世界,暗闇で光る
閑静,かんせい,閑静住宅,近い閑静,近くの閑静,良好閑静,閑静企業
藤本,とうほん,藤本美貴,藤本さん,藤本ひとみ,藤本先生,藤本義一
尻尾,しっぽ,尻尾を振る,トカゲの尻尾,尻尾切り,耳と尻尾,尻尾の先
真珠,しんじゅ,淡水真珠,黒真珠,真珠養殖,小沢真珠,豚に真珠
扶養,ふよう,扶養手当,扶養親族,扶養控除,児童扶養,扶養家族
解剖,かいぼう,解剖学,司法解剖,徹底解剖,病理解剖,解剖の結果
変遷,へんせん,的変遷,時代の変遷,政策の変遷,変遷をたどる,変遷史
挫折,ざせつ,途中で挫折,栄光と挫折,途中で挫折する,挫折感,挫折を味わう
枠組み,わくぐみ,枠組みの中,的枠組み,枠組み条約,変動枠組み,枠組みを超える
猶予,ゆうよ,執行猶予,猶予期間,徴収猶予,起訴猶予,返済猶予
履き,はき,靴を履き替える
廃車,はいしゃ,廃車引取,近くの廃車,廃車手続き,付近の廃車,バイク廃車
搭乗,とうじょう,搭乗員,搭乗手続き,搭乗口,搭乗券,搭乗率
手頃,てごろ,手頃価格,手頃プライス,手頃サイズ,手頃感,手頃家賃
稼動,かどう,稼動中,稼動開始,本格稼動,時間稼動,稼動状況
殺菌,さっきん,殺菌剤,殺菌効果,殺菌作用,殺菌力,低温殺菌
覚醒,かくせい,闇の覚醒,中途覚醒,早朝覚醒,覚醒時,覚醒状態
過酷,かこく,非常に過酷,以上に過酷,一番過酷,世界一過酷,過酷労働
包括,ほうかつ,包括的,地域包括,包括支援,包括外部,包括協定
法廷,ほうてい,法廷判決,戦犯法廷,法廷闘争,法廷用語,軍事法廷
厄介,やっかい,一番厄介,厄介ごと,非常に厄介,厄介物,家に厄介
模擬,もぎ,模擬店,模擬試験,模擬授業,模擬戦,模擬裁判
撤回,てっかい,撤回を求める,白紙撤回,解雇撤回,前言撤回,発言を撤回
大嫌い,だいきらい,私の大嫌い,大嫌い板,ペット大嫌い,一番大嫌い
斬新,ざんしん,案内する斬新,斬新的,非常に斬新,斬新すぎ,斬新性
腎臓,じんぞう,腎臓病,腎臓内科,腎臓移植,腎臓の機能,慢性腎臓
重症,じゅうしょう,重症度,重症患者,重症心身,重症急性,重症筋
追悼,ついとう,追悼式,追悼施設,追悼文,追悼番組,国立追悼
沸騰,ふっとう,話題沸騰,沸騰中,人気沸騰,沸騰するお湯,沸騰する湯
連覇,れんぱ,連覇を達成,連覇を達成する,連覇を狙う,夏連覇,連覇を目指す
誘拐,ゆうかい,誘拐事件,誘拐犯,誘拐殺人,幼女誘拐,女児誘拐
普遍,ふへん,普遍的,普遍性,人類普遍,普遍主義,的普遍
内緒,ないしょ,内緒話,内緒の話,家族に内緒,親に内緒,夫に内緒
奨学,しょうがく,奨学金,奨学資金,ブログ奨学,奨学会,奨学制度
嫌悪,けんお,嫌悪感,自己嫌悪,的嫌悪,嫌悪を感じる,同族嫌悪
摩擦,まさつ,摩擦係数,摩擦力,摩擦熱,貿易摩擦,摩擦抵抗
主宰,しゅさい,教室を主宰,会主宰,会を主宰,教室を主宰する,会を主宰する
刃物,はもの,刃物を持つ,用刃物,刃物店,刃物で刺される,刃物鋼
痴漢,ちかん,痴漢行為,痴漢被害,痴漢をする,痴漢事件,痴漢電車
懲戒,ちょうかい,懲戒処分,懲戒免職,懲戒解雇,懲戒請求,職員の懲戒
稼げる,かせげる,小遣いも稼げる,稼げる高,素人も稼げる,稼げる方法,稼げる仕事
月頃,つきごろ,月頃を予定,月頃を予定する,四月頃,月頃発売,月頃の予定
補佐,ほさ,補佐官,課長補佐,補佐役,首相補佐,長を補佐
褒美,ほうび,褒美に旅,褒美をあげる,褒美を与える,褒美旅行,褒美を頂く
山麓,さんろく,富士山麓,立山山麓,山麓駅,浅間山麓,山麓線
遮断,しゃだん,遮断機,遮断器,遮断薬,完全に遮断,漏電遮断
料亭,りょうてい,高級料亭,老舗料亭,料亭旅館,料亭の味,個室料亭
閣僚,かくりょう,閣僚会議,関係閣僚,閣僚級,内閣の閣僚,閣僚会合
拒絶,きょぜつ,拒絶反応,拒絶理由,拒絶査定,更新拒絶,支払拒絶
懸命,けんめい,懸命に努力,懸命の努力,懸命に練習,懸命に自分,懸命に勉強
徹夜,てつや,徹夜明け,徹夜組,徹夜をする,今日は徹夜,徹夜作業
真摯,しんし,真摯に対応,真摯に耳,真摯に反省,真摯英明,真摯に答え
汎用,はんよう,汎用性,汎用的,汎用機,汎用品,汎用技術
毀損,きそん,名誉毀損,毀損の防止,毀損する行為,信頼を毀損,信頼を毀損する
磨く,みがく,歯を磨く,自分を磨く,腕を磨く,技術を磨く,力を磨く
勾配,こうばい,勾配天井,勾配がきつい,上り勾配,温度勾配,勾配区間
大相撲,おおずもう,大相撲名古屋,大相撲力士,大相撲初場所,大相撲春場所,大相撲夏場所
献立,こんだて,今日の献立,毎日の献立,献立表,献立を考える,献立作成
釣り場,つりば,管理釣り場,釣り場情報,マス釣り場,釣り場や釣果,渓流釣り場
履修,りしゅう,履修生,履修登録,科目を履修,履修上,履修科目
口臭,こうしゅう,外科口臭,口臭審美,口臭予防,口臭対策,口臭が臭い
見頃,みごろ,見頃を迎える,見頃となる,見頃の時期,紅葉の見頃,花の見頃
抗菌,こうきん,抗菌剤,抗菌薬,抗菌作用,抗菌性,抗菌防臭
挑発,ちょうはつ,挑発的,挑発行為,相手を挑発,相手を挑発する,戦争挑発
購買,こうばい,購買力,購買意欲,購買部,購買層,購買行動
大麻,たいま,大麻取締,大麻所持,大麻草,乾燥大麻,大麻栽培
中枢,ちゅうすう,中枢神経,満腹中枢,中枢部,中枢性,中枢同時
大佐,たいさ,カダフィ大佐,海軍大佐,陸軍大佐,大佐渡,大佐さん
杉山,すぎやま,杉山さん,杉山愛,杉山茂樹,杉山清貴,杉山神社
初詣,はつもうで,神社に初詣,初詣客,お正月の初詣,初詣ガイド,神社へ初詣
奨め,すすめ,奨め商品,奨めサイト,奨め物件,奨めリンク,奨め品
浄水,じょうすい,浄水器,浄水場,洗浄水,浄水処理,用浄水
婚姻,こんいん,婚姻届,婚姻関係,婚姻色,上婚姻,婚姻費用
股間,こかん,俺の股間,自分の股間,股間に手,股間に顔,私の股間
斎場,さいじょう,市の斎場,区の斎場,斎場駅,市斎場,県の斎場
近頃,ちかごろ,近頃の若者,近頃の私,近頃の子供,近頃思う,近頃のまとめ
冥福,めいふく,冥福をお祈り,冥福をお祈りする,冥福を祈る,冥福お祈り,故人の冥福
片隅,かたすみ,頭の片隅,心の片隅,部屋の片隅,世界の片隅,記憶の片隅
遍路,へんろ,遍路さん,四国遍路,遍路道,歩き遍路,遍路の旅
贈呈,ぞうてい,贈呈式,花束贈呈,円を贈呈,品を贈呈,状贈呈
進捗,しんちょく,進捗状況,進捗率,進捗管理,工事の進捗,事業の進捗
頑固,がんこ,頑固親父,頑固おやじ,頑固オヤジ,頑固職人,頑固で融通
余韻,よいん,余韻を残す,余韻を楽しむ,長い余韻,勝利の余韻,感動の余韻
刹那,せつな,刹那的,刹那さん,刹那主義,一刹那,咲刹那
缶詰,かんづめ,缶詰状態,パンの缶詰,缶詰工場,煮缶詰,桃の缶詰
下駄,げた,下駄箱,下駄を履く,下駄の音,下駄屋,下駄の鼻緒
併合,へいごう,韓併合,韓国併合,株式併合,併合条約,併合後
元旦,がんたん,年元旦,元旦の朝,今年の元旦,正月元旦,年の元旦
研磨,けんま,研磨剤,研磨材,研磨機,研磨加工,電解研磨
窃盗,せっとう,窃盗容疑,窃盗罪,窃盗団,窃盗事件,窃盗犯
偽造,ぎぞう,文書偽造,偽造防止,偽造品,偽造問題,公文書偽造
拳銃,けんじゅう,丁拳銃,拳銃自殺,拳銃を持つ,式拳銃,自動拳銃
謙虚,けんきょ,謙虚に耳,謙虚に反省,非常に謙虚,謙虚に自分
均衡,きんこう,一目均衡,均衡表,均衡を保つ,均衡を図る,均衡状態
履行,りこう,契約の履行,債務の履行,履行期限,義務を履行,義務の履行
貨幣,かへい,貨幣価値,貨幣経済,貨幣制度,記念貨幣,貨幣の発行
透析,とうせき,人工透析,透析患者,血液透析,腹膜透析,透析液
旺盛,おうせい,心旺盛,食欲旺盛,精神旺盛,生育旺盛,力旺盛
朝廷,ちょうてい,大和朝廷,朝廷側,朝廷軍,朝廷内,朝廷に献上
出汁,だし,出汁巻き,出汁をとる,赤出汁,出汁を取る,昆布出汁
拷問,ごうもん,拷問を受ける,拷問部屋,拷問器具,拷問室,テロと拷問
定款,ていかん,定款変更,電子定款,定款の変更,定款で定める,定款の一部
償還,しょうかん,償還金,繰上償還,償還期限,元利償還,償還期間
果汁,かじゅう,レモン果汁,天然果汁,果汁入り,果汁飲料,果汁たっぷり
粉砕,ふんさい,粉砕機,粉砕骨折,粉砕物,細かく粉砕,敵を粉砕
閉塞,へいそく,閉塞感,閉塞性,慢性閉塞,閉塞症,閉塞状況
凄まじい,すさまじい,凄まじい勢い,力は凄まじい,凄まじい音,凄まじい力,凄まじい衝撃
棚田,たなだ,日本の棚田,棚田米,美しい棚田,棚田の風景,棚田保全
吟味,ぎんみ,素材を吟味,素材を吟味する,内容を吟味,内容を吟味する,吟味を重ねる
還暦,かんれき,還暦祝い,還暦を迎える,還暦のお祝い,還暦記念,還暦を過ぎる
索引,さくいん,記事索引,索引へ戻る,人名索引,順索引,索引リスト
捕虜,ほりょ,捕虜となる,捕虜収容,軍の捕虜,軍捕虜,捕虜たち
偽り,いつわり,偽りはない,偽り無し,偽りがない,偽りの愛,ウソ偽り
陥る,おちいる,陥りがち,陥る可能,陥る危険,陥る前,陥る恐れ
片岡,かたおか,片岡鶴太郎,片岡さん,片岡仁左衛門,片岡千恵,片岡義男
語彙,ごい,語彙力,日本語の語彙,語彙を増やす,語彙数,語彙が少ない
統括,とうかつ,統括本部,統括部,統括責任,統括部長,統括管理
傘下,さんか,傘下団体,傘下となる,傘下企業,傘下入り,会傘下
仙人,せんにん,亀仙人,仙人さん,山の仙人,仙人風呂,木仙人
変貌,へんぼう,変貌を遂げる,変貌ぶり,大きく変貌,変貌振り,大きな変貌
痩せる,やせる,痩せるダイエット,痩せダイエット,痩せる方法,痩せ型,少し痩せる
亜鉛,あえん,亜鉛めっき,酸化亜鉛,亜鉛メッキ,溶融亜鉛,亜鉛合金
結核,けっかく,結核菌,結核予防,結核性,性の結核,結核患者
癒す,いやす,癒し系,疲れを癒す,心を癒す,傷を癒す,体を癒す
斬る,きる,斬り込み,斬れ味,斬り殺し,企業を斬る,首を斬る
賭博,とばく,野球賭博,賭博問題,賭博場,賭博師,賭博関与
釣る,つる,魚を釣る,結構釣る,全く釣る,バスを釣る,全然釣る
累計,るいけい,累計額,償却累計,累計期間,累計販売,累計残高
危惧,きぐ,絶滅危惧,危惧種,危惧を抱く,危惧する声,危惧を感じる
堆積,たいせき,堆積物,堆積層,火砕流堆積,堆積環境,土砂の堆積
要塞,ようさい,時空要塞,要塞マクロス,要塞戦,要塞都市,旅順要塞
拭き,ふき,汗を拭き拭く
発泡,はっぽう,発泡酒,発泡性,発泡剤,発泡体,発泡ウレタン
偵察,ていさつ,偵察機,偵察衛星,偵察隊,無人偵察,偵察部隊
翻弄,ほんろう,運命に翻弄,時代に翻弄,相手を翻弄,波に翻弄,相手を翻弄する
適宜,てきぎ,適宜増減,適宜選択,適宜変更,適宜見直し,適宜修正
核心,かくしん,コダマの核心,核心部分,核心部,問題の核心,核心的
自粛,じしゅく,以下自粛,活動自粛,自粛要請,自粛中,活動を自粛
泡盛,あわもり,泡盛を飲む,料理と泡盛,泡盛のうわさ,焼酎泡盛,酒泡盛
物凄い,ものすごい,物凄い勢い,物凄い数,物凄い音,物凄い量,物凄く気
宛て,あて,お客様宛て,宛てに優先,宛てにお願い,タイムス宛て,宛て先
充填,じゅうてん,充填材,充填剤,充填機,ガス充填,充填断熱
蜂蜜,はちみつ,蜂蜜入り,蜂蜜漬け,蜂蜜色,国産蜂蜜,蜂蜜を加える
今宵,こよい,今宵の月,今宵の宿,今宵限り,今宵あなた,今宵の宴
呉服,ごふく,呉服店,呉服屋,呉服町,呉服商,屋呉服
撤廃,てっぱい,差別撤廃,撤廃条約,差別の撤廃,規制撤廃,制限撤廃
由緒,ゆいしょ,由緒書,由緒書き,神社の由緒,続く由緒,神社由緒
還付,かんぷ,還付金,税還付,還付を受ける,税の還付,還付申告
脊髄,せきずい,脊髄反射,脳脊髄,脊髄液,脊髄損傷,脊髄小脳
好き嫌い,すききらい,好き嫌いはある,好き嫌いが激しい,食べ物の好き嫌い,好き嫌いが多い,好き嫌いの問題
罵倒,ばとう,罵倒語,相手を罵倒,相手を罵倒する,罵倒合戦,他人を罵倒
桟橋,さんばし,芝桟橋,離島桟橋,浮き桟橋,日の出桟橋,宮島桟橋
傲慢,ごうまん,傲慢不遜,人間の傲慢,傲慢の塔,自分の傲慢,傲慢無礼
釣具,つりぐ,釣具店,釣具屋,中古釣具,釣具のポイント,釣具の通販
失踪,しっそう,失踪事件,特定失踪,失踪宣告,謎の失踪,失踪中
軍艦,ぐんかん,軍艦島,軍艦巻き,軍艦旗,海底軍艦,軍艦奉行
隠蔽,いんぺい,隠蔽工作,隠蔽体質,事実を隠蔽,事実を隠蔽する,情報隠蔽
宮廷,きゅうてい,宮廷女官,宮廷料理,宮廷画家,宮廷内,宮廷文化
邸宅,ていたく,邸宅街,邸宅跡,邸宅地,家の邸宅,氏の邸宅
献血,けんけつ,成分献血,献血をする,献血車,献血運動,献血推進
旋律,せんりつ,美しい旋律,旋律を奏でる,忘却の旋律,ピアノの旋律,旋律的
歯磨き,はみがき,歯磨きをする,歯磨きセット,歯磨き剤,歯磨き指導,練り歯磨き
弊害,へいがい,教育の弊害,弊害もある,行政の弊害,主義の弊害,弊害をもたらす
伯爵,はくしゃく,伯爵夫人,伯爵家,伯爵様,伯爵と妖精,身代わり伯爵
振袖,ふりそで,振袖や留袖,用の振袖,振袖用,振袖レンタル,振袖姿
勃起,ぼっき,勃起不全,勃起力,勃起障害,勃起時,フル勃起
年頃,としごろ,同じ年頃,年頃の娘,年頃の女の子,年頃の子供,難しい年頃
系譜,けいふ,聖戦の系譜,系譜学,氏の系譜,論の系譜,家の系譜
諦める,あきらめる,夢を諦める,決して諦める,途中で諦める,今回は諦める,泣く泣く諦める
撤収,てっしゅう,撤収作業,テントを撤収,テントを撤収する,撤収後,テント撤収
梗塞,こうそく,脳梗塞,梗塞で倒れる,梗塞を起こす,梗塞や心筋梗塞,梗塞の後遺症
租税,そぜい,租税特別,租税条約,租税回避,前の租税,租税法
竜馬,りゅうめ,坂本竜馬,竜馬伝,竜馬は言う,竜馬さん,竜馬暗殺
唾液,だえき,唾液腺,唾液の分泌,唾液中,唾液分泌,唾液検査
壮絶,そうぜつ,壮絶バトル,壮絶人生
浄土,じょうど,浄土教,浄土平,西方浄土,浄土門,浄土思想
緒方,しょほう,緒方さん,緒方恵美,緒方拳,緒方貞子,緒方町
崇拝,すうはい,偶像崇拝,個人崇拝,自然崇拝,悪魔崇拝,祖先崇拝
秀逸,しゅういつ,非常に秀逸,秀逸すぎ
海藻,かいそう,海藻類,海藻エキス,海藻サラダ,海藻を食べる,野菜や海藻
駆逐,くちく,駆逐艦,良貨を駆逐,型駆逐,良貨を駆逐する,駆逐隊
派閥,はばつ,派閥争い,最大派閥,派閥抗争,派閥はある,派閥政治
競艇,きょうてい,競艇場,競艇の収益,競艇選手,競艇予想,競艇事業
瑠璃,るり,瑠璃色,瑠璃さん,瑠璃ちゃん,瑠璃の島,瑠璃姫
盆栽,ぼんさい,ミニ盆栽,小品盆栽,盆栽展,盆栽鉢,盆栽文化
官邸,かんてい,首相官邸,大統領官邸,総理官邸,官邸主導,大臣官邸
勃発,ぼっぱつ,戦争勃発,大戦勃発,戦争の勃発,事件勃発,大戦の勃発
痕跡,こんせき,痕跡を残す,痕跡を消す,痕跡がない,痕跡を探す,痕跡はない
緻密,ちみつ,緻密に計算,非常に緻密,緻密に再現,緻密性,緻密に構成
勲章,くんしょう,文化勲章,勲章受章,勲章を授与,与える勲章,男の勲章
親睦,しんぼく,親睦会,親睦を深める,相互の親睦,親睦を図る,親睦旅行
挿絵,さしえ,挿絵画家,挿絵を描く,シナリオの挿絵,小説の挿絵,本の挿絵
艦長,かんちょう,艦長室,沖田艦長,艦長さん,艦の艦長,艦長席
寄附,きふ,寄附金,寄附講座,寄附をする,応援寄附,寄附のお願い
半袖,はんそで,半袖シャツ,半袖半,半袖姿,半袖ポロシャツ,半袖短パン
抹消,まっしょう,登録抹消,登録を抹消,抹消登録,登録を抹消する,権抹消
風呂敷,ふろしき,風呂敷包み,風呂敷を広げる,箱と風呂敷,風呂敷包,仙風呂敷
献上,けんじょう,献上品,点を献上,皇室献上,点献上,献上柄
富裕,ふゆう,富裕層,世界の富裕,中国の富裕,一部の富裕,中国人富裕
堀川,ほりかわ,堀川通,堀川通り,堀川さん,堀川りょう,堀川町
旋回,せんかい,右旋回,旋回性能,上空を旋回,左旋回,上空を旋回する
剥離,はくり,網膜剥離,剥離剤,剥離症,甲剥離,剥離網膜
威嚇,いかく,威嚇射撃,相手を威嚇,相手を威嚇する,威嚇的,威嚇効果
脇役,わきやく,脇役たち,脇役陣,脇役的,脇役キャラ,脇役達
真偽,しんぎ,内容の真偽,真偽のほど,情報の真偽,真偽の程,真偽を確かめる
特捜,とくそう,特捜部,地検特捜,特捜隊,特捜最前線,特捜部長
鳥肌,とりはだ,鳥肌実,鳥肌立ち,鳥肌モノ,鳥肌たち,全身に鳥肌
忍耐,にんたい,忍耐力,努力と忍耐,忍耐強,忍耐と努力,力と忍耐
紙幣,しへい,政府紙幣,ドル紙幣,紙幣発行,紙幣を発行,高額紙幣
酪農,らくのう,酪農家,酪農経営,酪農体験,酪農地帯,酪農大
爆睡,ばくすい,時間爆睡
撲滅,ぼくめつ,撲滅運動,運転撲滅,撲滅委員,貧困撲滅,テロ撲滅
無駄遣い,むだづかい,税金の無駄遣い,無駄遣いをする,資源の無駄遣い,お金の無駄遣い,時間の無駄遣い
空洞,くうどう,産業の空洞,産業空洞,市街地の空洞,空洞部,地下空洞
満塁,まんるい,死満塁,アウト満塁,無死満塁,満塁のチャンス,二死満塁
頑丈,がんじょう,頑丈に出来,非常に頑丈
約款,やっかん,契約約款,各種約款,保険約款,運送約款,供給約款
媒介,ばいかい,媒介契約,専任媒介,媒介とする,媒介する蚊,一般媒介
括弧,かっこ,括弧内,括弧書き,括弧の中,括弧付き,カギ括弧
偽善,ぎぜん,偽善的,偽善性,偽善行為,偽善番組
避妊,ひにん,避妊手術,避妊薬,避妊具,避妊法,経口避妊
侮辱,ぶじょく,侮辱罪,侮辱的,侮辱発言,侮辱行為,侮辱を受ける
代償,だいしょう,代償措置,代償を払う,代償性,代償は大きい,代償行為
滑稽,こっけい,滑稽に見え,滑稽味,非常に滑稽,滑稽新聞,滑稽すぎ
感銘,かんめい,感銘を受ける,深い感銘,感銘を与える,感銘をうける,深く感銘
干潟,ひがた,泡瀬干潟,藤前干潟,谷津干潟,干潟を守る,人工干潟
柳川,やながわ,柳川市,県柳川,柳川駅,柳川鍋,柳川風
串焼き,くしやき,料理串焼き,炭火串焼き,串焼きジンギスカン,串焼き屋,博多串焼き
糾弾,きゅうだん,糾弾会,糾弾闘争,厳しく糾弾,徹底的に糾弾,差別糾弾
廃業,はいぎょう,自主廃業,廃業率,廃業後,廃業届,前に廃業
明瞭,めいりょう,簡単明瞭,簡潔明瞭,明瞭度,明瞭性,言語明瞭
癒着,ゆちゃく,癒着構造,癒着胎盤,業者と癒着,的癒着,財の癒着
音痴,おんち,方向音痴,運動音痴,機械音痴,音痴の私,味音痴
硫酸,りゅうさん,硫酸塩,硫酸ナトリウム,濃硫酸,コンドロイチン硫酸,硫酸銅
逸脱,いつだつ,範囲を逸脱,大きく逸脱,範囲を逸脱する,逸脱する行為,通念を逸脱
亀裂,きれつ,大きな亀裂,亀裂を生じる,間に亀裂,壁に亀裂,亀裂骨折
荒廃,こうはい,荒廃地,教育の荒廃,荒廃する世界,戦後の荒廃,荒廃農地
肌触り,はだざわり,肌触りが良い,優しい肌触り,柔らかい肌触り,肌触りの良,肌触り抜群
書斎,しょさい,書斎デスク,ウェブの書斎,書斎を持つ,私の書斎,楽しむ書斎
竜王,りゅうおう,竜王戦,竜王町,渡辺竜王,郡竜王,明竜王
宛名,あてな,宛名印刷,宛名書き,宛名ラベル,宛名面,宛名を書く
煩悩,ぼんのう,煩悩の数,煩悩具足,煩悩即,人間の煩悩,煩悩だらけ
男爵,だんしゃく,赤男爵,男爵いも,男爵さん,男爵夫人,男爵家
入江,いりえ,入江さん,入江泰,入江歯科,治療の入江,入江たか子
鉢植え,はちうえ,鉢植えの場合,鉢植えの花,号鉢植え,鉢植えで育てる,小さな鉢植え
氾濫,はんらん,氾濫原,川の氾濫,河川の氾濫,情報の氾濫,氾濫する情報
ポン酢,ぽんず,ポン酢で食べる,ポン酢をかける,ポン酢しょうゆ,自家製ポン酢,塩ポン酢
筒井,つつい,筒井康隆,筒井さん,筒井順慶,筒井氏,筒井道隆
軟骨,なんこつ,サメ軟骨,関節軟骨,軟骨細胞,骨軟骨,サメの軟骨
参詣,さんけい,霊場と参詣,参詣道,熊野参詣,参詣客,多くの参詣
寛容,かんよう,寛容性,寛容の精神,免疫寛容,寛容と忍耐,的寛容
哀愁,あいしゅう,哀愁を感じる,哀愁を帯びる,哀愁を誘う,哀愁を漂わせる,哀愁感
遺憾,いかん,遺憾の意,大変遺憾,遺憾表明,非常に遺憾,遺憾とする
享受,きょうじゅ,メリットを享受,利益を享受,恩恵を享受,恩恵を享受する,利益を享受する
生還,せいかん,無事生還,奇跡の生還,生還育毛,生還する管理,無事に生還
湧く,わく,湧く温泉,湧き上がり,湧き肉,湧くところ,湧く湯
偏り,かたより,偏りすぎ,偏りがち,偏りがない,栄養の偏り,偏り気味
清涼,せいりょう,清涼感,清涼飲料,清涼剤,一服の清涼,清涼殿
漆黒,しっこく,漆黒の闇,漆黒の髪,漆黒の瞳,漆黒の翼,漆黒の騎士
軍曹,ぐんそう,ケロロ軍曹,鬼軍曹,軍曹さん,マン軍曹,軍曹殿
亭主,ていしゅ,亭主元気,髪結いの亭主,屋の亭主,ダメ亭主,亭主殿
沙汰,さた,警察沙汰,裁判沙汰,正気の沙汰,狂気の沙汰,色恋沙汰
眉毛,まゆげ,眉毛ひとつ,太い眉毛,眉毛の上,眉毛の形,目と眉毛
貝塚,かいづか,貝塚市,府貝塚,貝塚線,貝塚駅,大森貝塚
少佐,しょうさ,陸軍少佐,海軍少佐,シャア少佐,少佐殿,レルヒ少佐
剰余,じょうよ,剰余金,利益剰余,剰余価値,資本剰余,発生する剰余
憧れる,あこがれる,台で憧れる,憧れる映画,度は憧れる,憧れブランド,シェアで憧れる
来賓,らいひん,来賓挨拶,来賓の皆様,来賓祝辞,来賓あいさつ,来賓席
逸話,いつわ,逸話もある,逸話集,逸話も残る,逸話を持つ,時代の逸話
頒布,はんぷ,頒布会,頒布物,頒布権,頒布予定,頒布価格
履く,はく,靴を履く,履き心地,靴下を履く,長靴を履く,ズボンを履く
裕福,ゆうふく,裕福層,非常に裕福,裕福に暮らし
進呈,しんてい,ポイント進呈,進呈中,無料進呈,券を進呈,券進呈
美貌,びぼう,美貌の持ち主,美貌を持つ,美貌のディテイル,美貌の青年,美貌の女
拙者,せっしゃ,拙者的,拙者ムニエル,拙者の場合,拙者たち,拙者達
擬似,ぎじ,擬似的,擬似連,擬似体験,擬似恋愛,擬似乱数
囚われ,とらわれ,囚われの身,月に囚われ,常識に囚われ,過去に囚われ,囚われすぎ
訃報,ふほう,訃報を聞く,訃報訃報,訃報検索,訃報を知る,氏の訃報
抹殺,まっさつ,的抹殺,貧乏人抹殺,抹殺計画,手札抹殺,民族抹殺
漆器,しっき,漆器店,輪島漆器,越前漆器,山中漆器,木曽漆器
素肌,すはだ,素肌美人,素肌美,美しい素肌,素肌感,素肌感覚
凹凸,おうとつ,表面の凹凸,凹凸感,表面に凹凸,凹凸面,路面の凹凸
悪臭,あくしゅう,悪臭を放つ,悪臭防止,悪臭物質,悪臭の原因,悪臭成分
休診,きゅうしん,臨時休診,休診や受付,休診のお知らせ,祝日で休診,休診となる
管弦楽,かんげんがく,管弦楽団,室内管弦楽,管弦楽曲,管弦楽組曲,管弦楽作品
麺類,めんるい,麺類を食べる,麺類ほか,その他の麺類,冷たい麺類,麺類大好き
梨花,りか,梨花ちゃん,梨花さん,古手梨花,足立梨花,梨花女子大
大尉,たいい,陸軍大尉,海軍大尉,トロ大尉,赤松大尉,大尉殿
嫌味,いやみ,嫌味を言う,嫌味を言われる,嫌味がない,嫌味の一つ
忍び,しのび,忍びの里,忍び装束,忍び入り,忍び込み,忍びの術
金剛,こんごう,金剛界,金剛院,面金剛,法金剛,金剛流
鍵盤,けんばん,鍵盤楽器,ピアノの鍵盤,鍵盤の上,鍵盤を押す,鍵盤奏者
銃撃,じゅうげき,銃撃戦,銃撃事件,銃撃を受ける,激しい銃撃,市長銃撃
譜面,ふめん,譜面台,譜面を見る,譜面通り,曲の譜面,良譜面
潰れる,つぶれる,会社は潰れる,潰れる前,店は潰れる,潰れる可能,潰れる会社
狙撃,そげき,狙撃手,狙撃兵,狙撃銃,狙撃事件,長官狙撃
年俸,ねんぽう,年俸制,選手の年俸,月給年俸,高額年俸,年俸金額
堕落,だらく,堕落論,腐敗堕落,堕落する生活,堕落ぶり,堕落する人間
累積,るいせき,累積赤字,累積債務,累積的,累積警告,累積欠損
挟む,はさむ,口を挟む,道路を挟む,休憩を挟む,道を挟む,川を挟む
払拭,ふっしょく,不安を払拭,不安を払拭する,感を払拭,完全に払拭,感を払拭する
財閥,ざいばつ,財閥系,財閥解体,三井財閥,財閥の御曹司,新興財閥
露呈,ろてい,不足を露呈,不足を露呈する,限界を露呈,露呈する形,限界を露呈する
臆病,おくびょう,臆病風,恋愛に臆病,恋に臆病,非常に臆病
窮屈,きゅうくつ,窮屈感,窮屈に感じ,非常に窮屈
有償,ゆうしょう,有償無償,有償運送,有償修理,福祉有償,有償ボランティア
垣根,かきね,垣根を越える,垣根を超える,垣根を取り払う,間の垣根,垣根涼介
陥落,かんらく,城を陥落,陥落後,南京陥落,首位陥落,サイゴン陥落
囚人,しゅうじん,囚人たち,アズカバンの囚人,囚人のジレンマ,囚人服,囚人達
貝殻,かいがら,ホタテ貝殻,貝殻島,ホタテの貝殻,貝殻節,貝殻使用
大雑把,おおざっぱ,大雑把すぎ,非常に大雑把,大雑把過ぎ,大雑把に説明
廃絶,はいぜつ,核廃絶,核兵器廃絶,核兵器の廃絶,廃絶を訴える,廃絶運動
煎餅,せんべい,煎餅屋,南部煎餅,草加煎餅,焼き煎餅,煎餅職人
修羅,しゅら,春と修羅,修羅の刻,修羅の国,修羅道,修羅の道
頻発,ひんぱつ,各地で頻発,最近頻発,投稿頻発,頻発月経,各地で頻発する
献身,けんしん,献身的,献身ぶり
汚泥,おでい,下水汚泥,活性汚泥,汚泥処理,汚泥法,建設汚泥
充当,じゅうとう,金額に充当,金に充当,額に充当,資金に充当,一部に充当
三塁,さんるい,三塁側,三塁走者,死三塁,三塁線,三塁とする
潰瘍,かいよう,潰瘍性,十二指腸潰瘍,性潰瘍,皮膚潰瘍,角膜潰瘍
廃人,はいじん,ネトゲ廃人,廃人さん,廃人同様,廃人生活,ネット廃人
下肢,かし,下肢静脈,下肢痛,一下肢,下肢装具,下肢障害
剛性,ごうせい,剛性感,ボディ剛性,剛性が高い,剛性アップ,高い剛性
萎縮,いしゅく,筋萎縮,萎縮性,萎縮症,萎縮病,脳萎縮
塾長,じゅくちょう,塾塾長,校塾長,塾長鈴木,塾長さん,塾の塾長
全貌,ぜんぼう,事件の全貌,全貌を知る,全貌を紹介,計画の全貌,全貌を見る
裾野,すその,裾野市,裾野を広げる,県裾野,富士の裾野,富士山の裾野
水仙,すいせん,水仙の花,越前水仙,水仙の里,日本水仙,黄水仙
駐屯,ちゅうとん,駐屯地,自衛隊駐屯,駐屯軍,自衛隊の駐屯,軍の駐屯
神棚,かみだな,神棚ほか,神棚のまつり,神棚の店,神棚ハム,数珠神棚
蹴る,ける,地面を蹴る,地を蹴る,足で蹴る,蹴り技,蹴り入れ
余剰,よじょう,余剰金,余剰電力,余剰人員,余剰資金,余剰分
扶助,ふじょ,相互扶助,扶助料,扶助費,法律扶助,医療扶助
偏向,へんこう,偏向報道,マスコミの偏向,偏向マスコミ,偏向教育,偏向番組
銃弾,じゅうだん,発の銃弾,銃弾を受ける,約束の銃弾,銃弾を浴びる,銃弾の雨
円筒,えんとう,円筒形,円筒状,円筒型,円筒形状,円筒部
草履,ぞうり,草履バッグ,皮草履,草履バック,布草履,ゴム草履
洞察,どうさつ,洞察力,深い洞察,鋭い洞察,自己洞察,力と洞察
便宜,べんぎ,便宜を図る,便宜的,便宜供与,便宜上,便宜をはかる
奔走,ほんそう,奔走中,集めに奔走,準備に奔走,国事に奔走,確保に奔走
患部,かんぶ,患部に塗布,患部を冷やす,患部に直接,直接患部,患部で止まる
宜しい,よろしい,何卒宜しい,時は宜しい,引き続き宜しい,際は宜しい,改めて宜しい
盗塁,とうるい,盗塁王,盗塁を決める,盗塁成功,盗塁数,盗塁阻止
溶融,ようゆう,溶融炉,溶融亜鉛,溶融スラグ,溶融塩,溶融金属
眉間,みけん,眉間にシワ,眉間のしわ,眉間のシワ,眉間に縦,眉間を寄せる
遷移,せんい,画面に遷移,遷移金属,状態遷移,画面遷移,サイトに遷移
血栓,けっせん,血栓症,静脈血栓,血栓塞栓,血栓性,血栓溶解
肌荒れ,はだあれ,肌荒れを防ぐ,肌荒れの原因,肌荒れ防止,肌荒れ対策,肌荒れ予防
王妃,おうひ,王妃様,王と王妃,王妃さま,流転の王妃,フランス王妃
顕彰,けんしょう,顕彰碑,顕彰会,顕彰事業,顕彰館,顕彰制度
謄本,とうほん,戸籍謄本,簿謄本,除籍謄本,書の謄本,戸籍の謄本
気泡,きほう,気泡緩衝,微細気泡,気泡風呂,小さな気泡,気泡湯
平衡,へいこう,平衡感覚,平衡状態,平衡機能,動的平衡,化学平衡
新譜,しんぷ,新譜予約,新譜商品,強力新譜,新譜情報,新譜発売
整頓,せいとん,整理整頓,整頓をする
一塁,いちるい,一塁手,一塁側,一塁走者,無死一塁,死一塁
安泰,あんたい,国家安泰,一生安泰,国家の安泰,安泰寺,将来安泰
痩身,そうしん,痩身フットケア,痩身エステ,痩身術,痩身法,痩身効果
体臭,たいしゅう,自分の体臭,体臭予防,口臭体臭,体臭の原因,体臭対策
采配,さいはい,監督の采配,采配ミス,采配を振るう,采配のゆくえ,采配を見る
奪還,だっかん,奪還作戦,政権奪還,王座奪還,奪還屋,奪還を目指す
花瓶,かびん,洗濯花瓶,花瓶の水,花瓶花瓶,ガラスの花瓶,号花瓶
納涼,のうりょう,納涼花火,納涼祭,納涼会,納涼床,納涼盆踊り
煎茶,せんちゃ,煎茶道,蒸し煎茶,上煎茶,出し煎茶,高級煎茶
珠玉,しゅぎょく,珠玉の作品,珠玉の一,珠玉の名作,珠玉の名曲,珠玉の言葉
充てる,あてる,充てる人事,円を充てる,充てる場合,充てるとき,充てる資金
閑散,かんさん,閑散とする,閑散期,閑散としてる,閑散相場,閑散時
直轄,ちょっかつ,直轄事業,直轄地,直轄領,直轄市,幕府直轄
偽者,にせもの,偽者さん,俺の偽者,偽者ナリ,私の偽者,本物と偽者
友禅,ゆうぜん,京友禅,加賀友禅,手描き友禅,友禅染め,描友禅
覇権,はけん,覇権主義,覇権争い,覇権国,覇権国家,覇権を握る
充足,じゅうそく,充足感,充足率,要件を充足,要件を充足する,認充足
恐喝,きょうかつ,恐喝未遂,恐喝容疑,恐喝事件,恐喝罪,恐喝の疑い
軽蔑,けいべつ,軽蔑的,軽蔑の眼差し,軽蔑の対象,軽蔑の目,心底軽蔑
野良猫,のらねこ,野良猫たち,野良猫さん,野良猫に餌,野良猫に愛,近所の野良猫
狙える,ねらえる,狙えるスカウト,狙える位置,優勝を狙える,狙える高,上位を狙える
塩尻,しおじり,塩尻市,県塩尻,塩尻駅,塩尻峠,塩尻北
総督,そうとく,総督府,朝鮮総督,台湾総督,総督ピラト,インド総督
賜物,たまもの,努力の賜物,賜物と感謝,支援の賜物,教育の賜物,協力の賜物
硫化,りゅうか,硫化水素,硫化物,硫化アリル,二硫化,硫化モリブデン
出塁,しゅつるい,ヒットで出塁,出塁率,四球で出塁,安打で出塁,ヒットで出塁する
比喩,ひゆ,比喩的,比喩表現,比喩を用いる,比喩を使う
風貌,ふうぼう,風貌をする,独特の風貌,的風貌,風貌の男,彼の風貌
打診,だしん,打診を受ける,打診買い,打診をする,打診するところ,就任を打診
儒教,じゅきょう,儒教的,儒教思想,儒教文化,儒教の教え,儒教の影響
羅列,られつ,文字の羅列,言葉の羅列,数字の羅列,単語の羅列,漢字の羅列
平岡,ひらおか,平岡さん,平岡秀夫,平岡正明,平岡店,平岡委員
剥奪,はくだつ,免許剥奪,権を剥奪,資格剥奪,資格を剥奪,権剥奪
禅師,ぜんじ,道元禅師,一休禅師,栄西禅師,隠元禅師,禅師さま
小鉢,こばち,季節の小鉢,小鉢料理,本日の小鉢
宛先,あてさき,下記宛先,下記の宛先,宛先不明,宛先アドレス,宛先に送信
充満,じゅうまん,中に充満,部屋に充満,内に充満,室内に充満,匂いで充満
軟弱,なんじゃく,軟弱地盤,軟弱野菜,軟弱オヤジ,軟弱層,軟弱外交
遷都,せんと,平城遷都,平安遷都,平城京遷都,遷都祭,平安京遷都
早慶,そうけい,早慶戦,最後の早慶,早慶レベル,早慶上,早慶レガッタ
疎通,そつう,意思疎通,意思の疎通,意志の疎通,意志疎通,疎通を図る
飢餓,きが,飢餓状態,飢餓感,飢餓海峡,世界の飢餓,飢餓問題
銘菓,めいか,代表銘菓,代表する銘菓,北海道銘菓,伝統の銘菓,市の銘菓
恣意,しい,恣意的,恣意性
摩耗,まもう,耐摩耗,摩耗性,摩耗特性,摩耗試験,偏摩耗
睡魔,すいま,睡魔に負け,睡魔と闘い,睡魔と闘う,睡魔と戦う,睡魔と格闘
風鈴,ふうりん,風鈴の音,風鈴まつり,江戸風鈴,風鈴の音色,風鈴市
中尉,ちゅうい,海軍中尉,陸軍中尉,中尉殿,白瀬中尉,中尉さん
疲弊,ひへい,地方の疲弊,経済の疲弊,疲弊感,戦争で疲弊,経済は疲弊
破砕,はさい,破砕機,破砕帯,破砕物,破砕処理,結石破砕
書棚,しょだな,該当する書棚,書棚分類,買取の書棚,スライド書棚,書棚の本
枯渇,こかつ,資源の枯渇,資源枯渇,枯渇問題,燃料の枯渇,石油枯渇
覇者,はしゃ,昨年の覇者,覇者となる,幻影の覇者,覇者ゾロ,末覇者
乞う,こう,教えを乞う,許しを乞う,愛を乞う,助けを乞う,案内を乞う
拭く,ふく,汗を拭く,涙を拭く,タオルで拭く,体を拭く,拭き漆
擬人,ぎじん,擬人法,ポケモン擬人,擬人的,鉄道擬人,国擬人
雪渓,せっけい,雪渓を登る,雪渓の上,針ノ木雪渓,雪渓歩き,大きな雪渓
空き缶,あきかん,空き缶回収,空き缶やペットボトル,空き缶つぶし,空き缶集め,ペットボトルや空き缶
艦船,かんせん,世界の艦船,米艦船,艦船模型,軍艦船,海軍の艦船
重曹,じゅうそう,重曹泉,重曹を使う,重曹水,重曹を入れる,重曹の活用
錦糸,きんし,錦糸町,錦糸卵,錦糸玉子,錦糸眼科,炎錦糸
窮地,きゅうち,窮地を救う,窮地を脱す,窮地を脱する,絶体絶命の窮地
初診,しょしん,初診時,初診患者,初診の患者,初診の時,初診受付
脊椎,せきつい,性脊椎,脊椎症,脊椎脊髄,脊椎麻酔,脊椎炎
悠久,ゆうきゅう,悠久の歴史,悠久の時,悠久の流れ,悠久の車輪,悠久の時間
塩漬け,しおづけ,桜の塩漬け,花の塩漬け,塩漬け株,葉の塩漬け,塩漬け状態
雑巾,ぞうきん,ボロ雑巾,雑巾掛け,雑巾で拭う,雑巾で拭く,雑巾みたい
巾着,きんちゃく,巾着袋,巾着田,巾着型,巾着付き,似合う巾着
払い戻し,はらいもどし,払い戻しを受ける,払い戻しはできる,チケットの払い戻し,券の払い戻し,払い戻しは致す
残骸,ざんがい,超新星残骸,機の残骸,残骸の中,船の残骸,残骸を見る
泥沼,どろぬま,泥沼状態,戦争の泥沼,泥沼の中,泥沼に足,泥沼の戦い
招き猫,まねきねこ,福招き猫,招き猫まつり,招き猫さん,招き猫美術館,開運招き猫
弦楽,げんがく,弦楽合奏,弦楽アンサンブル,ピアノと弦楽,弦楽部,弦楽と通
二塁,にるい,死二塁,一二塁,二塁走者,一死二塁,二死二塁
逝去,せいきょ,逝去を悼む,歳で逝去,逝去後,逝去の報,氏逝去
捻挫,ねんざ,捻挫永久,爪捻挫,足首の捻挫,捻挫栄養,足首を捻挫
死骸,しがい,虫の死骸,動物の死骸,ダニの死骸,猫の死骸,生物の死骸
誓約,せいやく,誓約書,旨の誓約,誓約する書面,誓約をする
軟式,なんしき,軟式野球,軟式テニス,学童軟式,少年軟式,高校軟式
画伯,がはく,画伯の絵,画伯の作品,清画伯,平山画伯,良介画伯
督促,とくそく,督促状,支払督促,督促手数料,支払い督促,督促を受ける
竜巻,たつまき,竜巻発生,竜巻旋風,竜巻注意,竜巻被害,竜巻注意報
貪欲,とんよく,貪欲に吸収
醸成,じょうせい,雰囲気醸成,意識の醸成,信頼醸成,醸成を図る,感の醸成
四肢,しし,四肢切断,性四肢,四肢障害,四肢末端,四肢まひ
出稼ぎ,でかせぎ,出稼ぎ労働,日本に出稼ぎ,出稼ぎ農民,出稼ぎ中,出稼ぎ先
宰相,さいしょう,国の宰相,宰相府,宰相中将,平民宰相,宰相殿
長蛇,ちょうだ,長蛇の列,長蛇の行列,前に長蛇,待ちの長蛇
晩酌,ばんしゃく,晩酌セット,晩酌をする,晩酌用,毎日の晩酌,今日の晩酌
もの凄い,ものすごい,もの凄い勢い,もの凄い数,もの凄い量,もの凄い音,もの凄く気
塾生,じゅくせい,塾生たち,早稲田塾生,塾の塾生,卒塾生,塾塾生
呪縛,じゅばく,呪縛を解く,プロマシアの呪縛,主義の呪縛,呪縛を超える,過去の呪縛
据え置き,すえおき,据え置き型,金利据え置き,据え置き機,値段据え置き,価格据え置き
駄文,だぶん,駄文失礼,駄文を書く,駄文同盟,駄文にゅうす,長文駄文
懇願,こんがん,必死に懇願
凸凹,でこぼこ,凸凹コンビ,凸凹道,表面の凸凹,凸凹感,凸凹毛穴
産廃,さんぱい,産廃処理,産廃処分,産廃業者,産廃問題,産廃物
蛇足,だそく,蛇足的
賭ける,かける,命を賭ける,人生を賭ける,賭ける川合,全てを賭ける,賭ける男
沸く,わく,沸き肉,沸き出,大いに沸く,沸き待ち,沸く温泉
冷酷,れいこく,冷酷非情,冷酷無比,冷酷非道
乳腺,にゅうせん,乳腺炎,乳腺外科,乳腺症,乳腺腫瘍,乳腺外来
喝采,かっさい,拍手喝采,喝采を浴びる,喝采を送る,喝采を受ける,喝采の中
嘲笑,ちょうしょう,嘲笑の対象,嘲笑の的,嘲笑的,嘲笑を浮かべる
縄張り,なわばり,縄張り争い,縄張り意識,自分の縄張り,縄張り図,城の縄張り
甲羅,こうら,亀の甲羅,甲羅本店,カニの甲羅,甲羅の中,甲羅焼き
酢酸,さくさん,酢酸エチル,酢酸ビニル,酢酸菌,酢酸ナトリウム,氷酢酸
割り箸,わりばし,割り箸を使う,杉の割り箸,割り箸の先,割り箸の袋
困窮,こんきゅう,生活困窮,生活に困窮,住宅に困窮,的困窮,住宅困窮
紡ぎ,つむぎ,言葉を紡ぎ出す
批准,ひじゅん,条約の批准,批准書,条約批准,条約を批准,条約を批准する
地殻,ちかく,地殻変動,地殻活動,地殻構造,地殻内,大陸地殻
断崖,だんがい,断崖の上,ヤセの断崖,断崖上,巣断崖,断崖の下
嗅覚,きゅうかく,嗅覚障害,痛み嗅覚,鋭い嗅覚,嗅覚受容,犬の嗅覚
中頃,なかごろ,世紀中頃,月中頃,年代中頃,月の中頃,時代中頃
検疫,けんえき,検疫所,動物検疫,植物検疫,検疫官,検疫総局
溶媒,ようばい,有機溶媒,溶媒中,溶媒抽出,混合溶媒,極性溶媒
問診,もんしん,問診票,問診表,問診をする,問診を行う,問診を受ける
呪術,じゅじゅつ,呪術師,呪術的,呪術性,呪術協会,関西呪術
少尉,しょうい,ハボック少尉,陸軍少尉,海軍少尉,少尉に任官,少尉殿
遡る,さかのぼる,川を遡る,時代を遡る,時間を遡る,歴史を遡る,少し遡る
奔放,ほんぽう,自由奔放
懐疑,かいぎ,懐疑的,懐疑論,懐疑派,懐疑主義,懐疑心
疫学,えきがく,疫学調査,疫学的,疫学研究,臨床疫学,分子疫学
水筒,すいとう,モスの水筒,水筒を持つ,水筒の水,水筒持参,弁当と水筒
素麺,そうめん,延べ素麺,延素麺,輪素麺,流し素麺,大門素麺
肢体,したい,肢体不自由,肢体障害,白い肢体,美しい肢体,重度の肢体
鬱陶しい,うっとうしい,鬱陶しい梅雨,鬱陶しく感じ,鬱陶しい天気,鬱陶しい季節,鬱陶しい雨
戻れる,もどれる,戻れるはず,戻れるわけ,戻れる場所
頑張れる,がんばれる,頑張れる気,本気で頑張れる,頑張れるはず
戦慄,せんりつ,戦慄を覚える,戦慄迷宮,恐怖と戦慄,太陽と戦慄,戦慄の楽譜
逆戻り,ぎゃくもどり,冬に逆戻り,時代に逆戻り,真冬に逆戻り,生活に逆戻り,状態に逆戻り
顕在,けんざい,顕在意識,顕在的,問題の顕在
銘酒,めいしゅ,全国の銘酒,銘酒市川,世界の銘酒,幻の銘酒,新潟の銘酒
思索,しさく,深い思索,的思索,思索的,思索の中,思索家
廃校,はいこう,廃校となる,廃校一覧,小学校の廃校,廃校舎,廃校を利用
疎い,うとい,疎い私,疎石,疎明,疎植,疎結合
酷使,こくし,目を酷使,目を酷使する,体を酷使,酷使様,体を酷使する
湧き水,わきみず,湧き水を使用,山の湧き水,湧き水を使う,湧き水を利用,湧き水を使用する
硝酸,しょうさん,亜硝酸,硝酸態,硝酸性,硝酸イオン,硝酸ナトリウム
玉砕,ぎょくさい,玉砕覚悟,総員玉砕,億玉砕,玉砕戦,見事に玉砕
酢の物,すのもの,キュウリの酢の物,ワカメの酢の物,煮物や酢の物,大根の酢の物
召還,しょうかん,召還獣,テストと召還,召還魔法,召還士,召還術
提督,ていとく,提督の決断,ネルソン提督,海軍提督,ヤン提督,提督たち
日傘,ひがさ,日傘をさす,日傘を差す,乳母日傘,絵日傘,折りたたみ日傘
疎開,そかい,疎開先,学童疎開,集団疎開,強制疎開,建物疎開
奈落,ならく,奈落の底,奈落の落とし穴,奈落の花
急須,きゅうす,急須の場合,急須の中,急須にお湯,急須に茶
肌着,はだぎ,健康肌着,用肌着,コンビ肌着,赤ちゃんの肌着,肌着の上
憤慨,ふんがい,ハルヒの憤慨,非常に憤慨
公爵,こうしゃく,公爵夫人,公爵家,公爵様,公爵ティア,公爵邸
褒める,ほめる,褒め言葉,褒め称え,自分を褒める,褒め殺し,決して褒める
甚大,じんだい,被害甚大,被害の甚大
打撲,だぼく,眼球打撲,全身打撲,頭部打撲,打撲痛,軽い打撲
甲殻,こうかく,甲殻類,は虫類甲殻,竜の甲殻,甲殻機動,甲殻種
哺乳,ほにゅう,哺乳瓶,哺乳動物,哺乳びん,哺乳ビン,哺乳綱
元帥,げんすい,東郷元帥,平八郎元帥,マ元帥,元帥府,元帥夫人
詐称,さしょう,年齢詐称,学歴詐称,経歴詐称,詐称疑惑,身分詐称
二股,ふたまた,二股に分かれ,二股をかける,二股ラジウム,二股温泉,二股駅
診査,しんさ,健康診査,診査の実施,診査受診,診査を受ける,診査の単価
鉄拳,てっけん,鉄拳制裁,怒りの鉄拳,正義の鉄拳,鉄拳チン,鉄拳鉄人
艦艇,かんてい,海軍艦艇,水上艦艇,海軍の艦艇,軍艦艇,戦闘艦艇
象牙,ぞうげ,象牙質,象牙の塔,象牙色,象牙海岸,象牙印鑑
枕元,まくらもと,私の枕元,枕元にプレゼント,ベッドの枕元,枕元の時計
捻出,ねんしゅつ,費用を捻出,費用を捻出する,時間を捻出,資金捻出,資金を捻出
懸案,けんあん,懸案事項,長年の懸案,懸案となる,最大の懸案,間の懸案
甚だ,はなはだ,甚だ多い,甚だ怪しい,甚だ疑わしい
蚊帳,かや,蚊帳の外,蚊帳の中,蚊帳生地,完全に蚊帳
餌食,えじき,餌食となる,格好の餌食,マスコミの餌食
稚拙,ちせつ,私の稚拙,稚拙すぎ
脱臭,だっしゅう,脱臭効果,脱臭剤,脱臭装置,脱臭機能,菌脱臭
弁償,べんしょう,費用弁償,実費弁償,弁償金,被害弁償,費用の弁償
遮る,さえぎる,言葉を遮る,視界を遮る,光を遮る,日差しを遮る,日光を遮る
非核,ひかく,非核平和,朝鮮半島の非核,非核地帯,非核保有,非核宣言
斑点,はんてん,黒い斑点,白い斑点,赤い斑点,斑点米,斑点模様
家督,かとく,家督を継ぐ,家督相続,家督を相続,家督を譲る,家の家督
所轄,しょかつ,所轄庁,所轄税務署,地の所轄,所轄警察,所轄労働
駄作,ださく,
崇高,すうこう,支配する崇高
勇壮,ゆうそう,勇壮華麗,炎勇壮
厄除け,やくよけ,厄除け祈願,厄除け大師,佐野厄除け,厄除け不動尊,開運厄除け
謹慎,きんしん,謹慎処分,謹慎中,自宅謹慎,期限謹慎,謹慎期間
護摩,ごま,護摩木,護摩供,護摩供養,護摩法要,護摩行
郷愁,きょうしゅう,郷愁を誘う,郷愁を感じる,郷愁を覚える,郷愁感,郷愁を感じさせる
法曹,ほうそう,法曹養成,法曹人口,法曹団,自由法曹,法曹関係
叱る,しかる,子供を叱る,叱るとき,叱る時,子どもを叱る,子を叱る
座禅,ざぜん,座禅を組む,座禅をする,座禅会,座禅草,座禅体験
窯元,かまもと,焼の窯元,窯元さん,清水焼の窯元,清水焼窯元,器窯元
筋腫,きんしゅ,子宮筋腫,筋腫の手術,筋腫核,筋腫や子宮,筋腫の治療
泥酔,でいすい,泥酔状態,泥酔記憶,泥酔論説,満腹泥酔,泥酔会見
補填,ほてん,赤字補填,損失補填,税金で補填,骨補填,赤字を補填
塩釜,しおがま,塩釜市,塩釜港,塩釜駅,塩釜神社,塩釜焼き
拒む,こばむ,検査を拒む,拒む理由,請求を拒む,侵入を拒む,拒む場合
鬱病,うつびょう,鬱病患者,鬱病と診断,鬱病人間
崖っぷち,がけっぷち,崖っぷち犬,崖っぷちのエガ,崖っぷちアイドル
妖艶,ようえん,
脱臼,だっきゅう,股関節脱臼,亜脱臼,関節脱臼,膝蓋骨脱臼,脱臼骨折
怨念,おんねん,怨念洞
斉唱,せいしょう,国歌斉唱,君が代斉唱,校歌斉唱,斉唱時,国歌を斉唱
紡ぐ,つむぐ,言葉を紡ぐ,糸を紡ぐ,物語を紡ぐ,紡ぎ糸,夢を紡ぐ
中佐,ちゅうさ,陸軍中佐,海軍中佐,広瀬中佐,中佐殿
統廃合,とうはいごう,学校統廃合,学校の統廃合,統廃合計画,統廃合問題,高校の統廃合
覇王,はおう,覇王丸,覇王別,覇王伝,天の覇王,覇王色
廃盤,はいばん,廃盤となる,廃盤品,廃盤商品,現在廃盤
咽頭,いんとう,咽頭炎,咽頭痛,咽頭がん,上咽頭,咽頭結膜
巣窟,そうくつ,悪の巣窟,臭いの巣窟,巣窟と化す,巣窟となる,プレミアの巣窟
罵声,ばせい,罵声を浴びせる,罵声を浴びせられる,罵声を浴びる,ヤジや罵声,罵声をあびせる
釣り船,つりぶね,釣り船予約,釣り船の詳細,イカ釣り船,県の釣り船,釣り船情報
酷似,こくじ,非常に酷似
怠惰,たいだ,
滅菌,めっきん,滅菌処理,滅菌済み,滅菌器,蒸気滅菌,滅菌装置
腰椎,ようつい,腰椎椎間板,腰椎分離,腰椎麻酔,腰椎症,性腰椎
送還,そうかん,強制送還,本国送還,北朝鮮に送還,本国に送還
急騰,きゅうとう,価格の急騰,価格急騰,急騰銘柄,株価急騰,円急騰
怨霊,おんりょう,怨霊信仰,道真の怨霊,怨霊となる,怨霊たち,怨霊を鎮める
球菌,きゅうきん,ブドウ球菌,肺炎球菌,球菌ワクチン,連鎖球菌,レンサ球菌
見附,みつけ,赤坂見附,見附市,見附駅,県見附,見附の味
捕捉,ほそく,捕捉率,中性子捕捉,捕捉療法,アンテナに捕捉
滋養,じよう,滋養強壮,滋養分,場合の滋養,滋養食,滋養たっぷり
釜飯,かまめし,料理釜飯,釜飯牛,峠の釜飯,釜飯屋,釜飯と串焼
捜す,さがす,行方を捜す,言葉を捜す,犯人を捜す,捜す旅,男を捜す
煮汁,にじる,煮汁が少ない,煮汁をかける,煮汁ごと,黒豆の煮汁,鍋に煮汁
剥き出し,むきだし,敵意剥き出し,感情剥き出し,剥き出しのまま,心剥き出し
呈する,ていする,症状を呈する,疑問を呈する,苦言を呈する,様相を呈する,活況を呈する
側溝,そっこう,道路側溝,側溝の蓋,側溝蓋,道路の側溝,側溝のフタ
臭気,しゅうき,臭気対策,臭気判定,臭気指数,臭気成分,独特の臭気
肉汁,にくじゅう,出る肉汁,肉汁たっぷり,肉汁うどん
遮光,しゃこう,遮光性,遮光器,遮光ネット,遮光板,遮光率
上棟,じょうとう,上棟式,上棟祭,邸の上棟,邸上棟,上棟祝い
培地,ばいち,寒天培地,液体培地,用培地,培地を用いる,培地で培養
懲罰,ちょうばつ,懲罰的,懲罰動議,懲罰委員,懲罰房,懲罰を受ける
賄賂,わいろ,賄賂を受け取る,賄賂を要求,賄賂を贈る,賄賂を収受,賄賂を渡す
茶漬け,ちゃづけ,梅茶漬け,島茶漬け,茶漬けセット,梅干し茶漬け
雑菌,ざっきん,雑菌の繁殖,中の雑菌,カビや雑菌,雑菌の増殖,雑菌だらけ
宣誓,せんせい,選手宣誓,宣誓書,宣誓をする,服務の宣誓,宣誓を行う
鹿角,ろっかく,鹿角市,県鹿角,鹿角霊,鹿角郡,鹿角花輪
浮腫,ふしゅ,リンパ浮腫,脳浮腫,性浮腫,浮腫治療,斑浮腫
強壮,きょうそう,滋養強壮,強壮剤,強壮作用,強壮薬,強壮効果
留袖,とめそで,振袖や留袖,黒留袖,色留袖,振袖留袖,留袖着物
磨耗,まもう,耐磨耗,磨耗性,偏磨耗,タイヤの磨耗,対磨耗
渇き,かわき,喉の渇き,渇きを癒す,口の渇き,渇きを潤す,渇きを覚える
霜降り,しもふり,霜降り肉,霜降り和牛,霜降り牛,霜降り馬刺し,牛霜降り
酷評,こくひょう,酷評の嵐,位酷評,酷評を受ける,議員を酷評
肌色,はだいろ,明るい肌色,肌色のストッキング
下僕,げぼく,下僕たち,下僕の攻撃,様と下僕,土塊の下僕,下僕達
妖魔,ようま,妖魔ユキ,妖魔夜行,妖魔たち,妖魔陣
煩雑,はんざつ,非常に煩雑,手続きの煩雑
拳法,けんぽう,中国拳法,日本拳法,拳法家,拳法部,拳法の達人
石臼,いしうす,石臼でひく,電動石臼,石臼引き,石臼製粉,石臼を使う
選択肢,せんたくし,選択肢がない,選択肢もある,選択肢はない,選択肢の一つ,選択肢を選ぶ
徹底的,てっていてき,徹底的に研究,徹底的に追求,徹底的に調べ,徹底的に排除,徹底的に調査
症候群,しょうこうぐん,脚症候群,呼吸症候群,症候群をわかる,シックハウス症候群,メタボリック症候群
披露宴,ひろうえん,結婚披露宴,披露宴会場,結婚式や披露宴,結婚式の披露宴,披露宴に出席
核兵器,かくへいき,核兵器廃絶,核兵器開発,核兵器保有,核兵器の廃絶,核兵器を持つ
子猫,こねこ,子猫ちゃん,子猫たち,子猫くま,子猫達,子猫用
不祥事,ふしょうじ,不祥事を起こす,企業不祥事,一連の不祥事,企業の不祥事,不祥事年表
潜水艦,せんすいかん,潜水艦乗り,潜水艦戦
不愉快,ふゆかい,非常に不愉快,不愉快に感じ,大変不愉快
顕微鏡,けんびきょう,電子顕微鏡,顕微鏡写真,光学顕微鏡,顕微鏡で見る,顕微鏡で観察
前立腺,ぜんりつせん,前立腺肥大,前立腺がん,前立腺炎,前立腺ガン,慢性前立腺
自閉症,じへいしょう,自閉症児,機能自閉症,自閉症スペクトラム,自閉症の子ども,自閉症協会
不機嫌,ふきげん,
後遺症,こういしょう,事故の後遺症,後遺症を残す,脳卒中後遺症,梗塞の後遺症,脳卒中の後遺症
本塁打,ほんるいだ,本塁打を放つ,本塁打王,満塁本塁打,点本塁打,ソロ本塁打
甲状腺,こうじょうせん,甲状腺機能,甲状腺ホルモン,甲状腺がん,甲状腺疾患,甲状腺の病気
股関節,こかんせつ,性股関節,股関節症,人工股関節,股関節痛,股関節脱臼
駄菓子,だがし,駄菓子屋,駄菓子菓子,懐かしい駄菓子,近所の駄菓子,駄菓子さん
不妊症,ふにんしょう,不妊症の原因,出産不妊症,不妊症治療,男性不妊症,不妊症の治療
合併症,がっぺいしょう,病の合併症,病合併症,合併症を起こす,術後合併症,合併症を引き起こす
乳酸菌,にゅうさんきん,乳酸菌飲料,性乳酸菌,乳酸菌生産,種類の乳酸菌,乳酸菌発酵
処方箋,しょほうせん,診断と処方箋,院外処方箋,医師の処方箋,処方箋調剤,サプリメント処方箋
恐怖症,きょうふしょう,高所恐怖症,対人恐怖症,閉所恐怖症,男性恐怖症,恐怖症の私
哺乳類,ほにゅうるい,類哺乳類,哺乳類展,哺乳類犬,大型哺乳類,小型哺乳類
浄化槽,じょうかそう,処理浄化槽,合併浄化槽,浄化槽設置,浄化槽管理,浄化槽法
多汗症,たかんしょう,薬多汗症,多汗症妊娠,多汗症治療,多汗症尋常,症多汗症
悪循環,あくじゅんかん,悪循環を断ち切る,悪循環を繰り返す,言う悪循環,悪循環となる,痛みの悪循環
修羅場,しゅらば,修羅場をくぐる,修羅場中,修羅場と化す,修羅場をくぐり抜ける,修羅場を潜る
土鍋,どなべ,土鍋で炊く,土鍋ごはん,土鍋ご飯,炊飯土鍋,土鍋釜
神経症,しんけいしょう,神経症状,不安神経症,強迫神経症,神経症的,自律神経症
不謹慎,ふきんしん,
盲導犬,もうどうけん,盲導犬協会,日本盲導犬,盲導犬育成,盲導犬訓練,盲導犬の受け入れ
椎間板,ついかんばん,椎間板ヘルニア,腰椎椎間板,話椎間板,椎間板症,椎間板変性
太極拳,たいきょくけん,式太極拳,太極拳教室,武術太極拳,太極拳をする,健康太極拳
不眠症,ふみんしょう,不眠症対策,不眠症治療,不眠症の原因,不眠症の対策,不眠症の治療
睡眠薬,すいみんやく,睡眠薬を飲む,昨日の睡眠薬,睡眠薬入り,睡眠薬を飲ませる,睡眠薬を服用
天丼,てんどん,天丼店,ミニ天丼,天丼セット,天丼を食べる,海老天丼
大腸菌,だいちょうきん,性大腸菌,大腸菌群,大腸菌感染,病原大腸菌
弦楽器,げんがっき,その他弦楽器,弦楽器奏者,弦楽器の音,楽器弦楽器,弦楽器スコア
亜熱帯,あねったい,亜熱帯植物,亜熱帯性,亜熱帯地域,亜熱帯気候,亜熱帯地方
羞恥心,しゅうちしん,性的羞恥心
若旦那,わかだんな,若旦那さん,屋の若旦那,店の若旦那,掛川の若旦那,若旦那様
鍛冶屋,かじや,鍛冶屋町,村の鍛冶屋,鍛冶屋文蔵
頭蓋骨,ずがいこつ,頭蓋骨骨折,頭蓋骨矯正,頭蓋骨の中,頭蓋骨陥没,人間の頭蓋骨
狭心症,きょうしんしょう,狭心症生活,狭心症の治療,耳下腺炎狭心症,狭心症や心筋梗塞,療法狭心症
不明瞭,ふめいりょう,意味不明瞭,言語不明瞭
覚醒剤,かくせいざい,覚醒剤所持,覚醒剤使用,覚醒剤取締,覚醒剤中毒,覚醒剤で逮捕
二塁打,にるいだ,適時二塁打,二塁打を放つ,点二塁打,線二塁打,二塁打で出塁
表彰台,ひょうしょうだい,位表彰台,表彰台を獲得,初の表彰台,表彰台を獲得する,表彰台独占
一遍,いっぺん,一遍上人,一遍聖